product_id,name,brand,manufacturer,categories,avg_rating,num_reviews,sentiment_score
AV13O1A8GV-KLJ3akUyj,Pink Friday: Roman Reloaded Re-Up (w/dvd),Universal Music,Universal Music Group / Cash Money,"Movies, Music & Books,Music,R&b,Movies & TV,Movie Bundles & Collections,CDs & Vinyl,Rap & Hip-Hop,Bass,Music on CD or Vinyl,Rap,Hip-Hop,Mainstream Rap,Pop Rap",5.0,1,0.949
AV14LG0R-jtxr-f38QfS,Lundberg Organic Cinnamon Toast Rice Cakes,Lundberg,Lundberg,"Food,Packaged Foods,Snacks,Crackers,Snacks, Cookies & Chips,Rice Cakes,Cakes",5.0,2,0.981
AV16khLE-jtxr-f38VFn,K-Y Love Sensuality Pleasure Gel,K-Y,K-Y,"Personal Care,Medicine Cabinet,Lubricant/Spermicide,Health,Sexual Wellness,Lubricants",2.519,27,0.595
AV1YGDqsGV-KLJ3adc-O,Windex Original Glass Cleaner Refill 67.6oz (2 Liter),Windex,Windex,"Household Essentials,Cleaning Supplies,Glass Cleaners,Health & Household,Household Supplies,Household Cleaning,Featured Brands,Home And Storage & Org,Thanksgathering,All-purpose Cleaners,Target Restock,Food & Grocery,Glass & Window",4.129,348,0.694
AV1YIch7GV-KLJ3addeG,"Heinz Tomato Ketchup, 38oz",Heinz,Heinz North America,"Food,Packaged Foods,Condiments, Dips, & Salad Dressings,Ketchup,Food & Beverage,Meal Solutions, Grains & Pasta,Condiments & Salad Dressing,Featured Brands,Grocery & Gourmet Food,Condiments & Salad Dressings,Grocery,Heinz,Food & Grocery,General Grocery,Marinades & Sauces",5.0,1,0.456
AV1YlENIglJLPUi8IHsX,Kind Dark Chocolate Chunk Gluten Free Granola Bars - 5 Count,KIND,Kind Fruit & Nut Bars,"Food,Packaged Foods,Snacks,Cereal Bars and Granola Bars,Ways To Shop,Back To School Lunches,Bars,Cereals & Granolas,Energy & Nutritional Bars,Food & Beverage,Cookies, Chips & Snacks,Granola Bars,Food & Beverage Ways To Shop,Special Diets,Snacks, Cookies & Chips,Granola Bars & Snack Bars,Whole Grain,Target Restock",4.412,17,0.892
AV1YmBrdGV-KLJ3adewb,"Pantene Color Preserve Volume Shampoo, 25.4oz",Pantene,Pantene,"Personal Care,Hair Care,Shampoo,Shampoos,Curling Irons & Wands,Daily Shampoo,Shampoo Plus Conditioner,Beauty,Color Additives & Fillers",4.667,18,0.885
AV1YmDL9vKc47QAVgr7_,"Aussie Aussome Volume Shampoo, 13.5 Oz",Aussie,Aussie,"Personal Care,Hair Care,Shampoo,Beauty,Shampoo & Conditioner,Shampoos,Daily Shampoo",4.213,89,0.868
AV1Ymf_rglJLPUi8II2v,Cars Toon: Mater's Tall Tales,Disney,Disney/Pixar,"Movies, Music & Books,Movies,Kids' & Family,Movies & TV Shows,Disney,Movies & TV,Movies & Music,VHS Custom Stores,Animated Movies,Kids & Family,All Disney Titles,Animation",4.882,34,0.886
AV1Yn94nvKc47QAVgtst,CeraVe SA Renewing Cream,CeraVe,CeraVe,"Personal Care,Skin Care,Face Care,Facial Moisturizer/Treatment,Beauty,Body Lotions & Creams,Face Moisturizers,Moisturizers,Lotions",4.76,25,0.828
AV1YnUMYglJLPUi8IJpK,Disney174 Jake And The Neverland Pirates 4 Piece Bedding Set - Toddler,Jake And The Neverland Pirates,Disney,"Home,Kids' Home,Kids' Bedding,Kids' Bedding Sets,Baby,Nursery,Baby Bedding,Toddler Bedding,Toddler,Bedding,Toddler Bedding Sets & Sheets,Featured Brands,Character Shop,Disney Junior,Kitchen & Dining Features,Home & Garden,Kids & Teens at Home,Bedding Sets,Bedding & Blankets",5.0,1,0.787
AV1Ynb3bglJLPUi8IJxJ,Solo Foods Almond Paste,Solo Foods,Solo,"Food,Packaged Foods,Baking,Extracts & Colorings,Home & Garden,Food & Beverages,Candy, Gum & Chocolate,Fondant & Gum Paste,Baking Mixes,Marzipan & Almond Paste",5.0,5,0.936
AV1YneDPglJLPUi8IJyQ,"Finish Quantum Dishwasher Detergent, Lemon Sparkle Scent, 45 Count",Finish,Reckitt Benckiser,"Household Essentials,Cleaning Supplies,Dish Detergents,Ways To Shop,Household Essentials Subscriptions,Kitchen,Dishwasher Detergent,Natural Cleaning,Glass Cleaners,Dish Detergent",4.743,35,0.802
AV1Yo6FPglJLPUi8IK3u,Pearhead Id Bracelet Frame,Pearhead,Pearhead,"Gift Finder,Gifts For Baby,Baby,Nursery,Baby Decor,Home,Home Decor,Frames & Display Boxes,Frames,Holiday Shop,Mother's Day,Keepsakes,Jewelry,Bracelets,Keepsakes & Baby Announcements,Baby Picture Frames,Keepsake Frames",4.0,1,0.73
AV1YpiJvvKc47QAVguxy,Craft Punch Giga Scallop Circle 45 24687534 To 334,No Brand,120,"Home,Arts & Crafts,Scrapbooking,Scrapbooking Tools,Scrapbook Accessories,Home & Kitchen Features,Punches,Specialty Stores",5.0,1,0.938
AV1YqAaMGV-KLJ3adiDj,"Neutrogena Wet Skin Sunscreen Spray Broad Spectrum SPF 50, 5oz",Neutrogena,Johnson & Johnson SLC,"Personal Care,Sun Care,Spray-on Sunscreen SPF 15 And Above,Beauty,Skin Care,Featured Brands,Health & Beauty,Neutrogena,Johnson & Johnson Beauty,Johnson & Johnson,Sun & Tanning,Face,Facial Sunscreens,Health & Wellness,Sunscreen",3.643,14,0.797
AV1Ys0kTvKc47QAVgx1C,Meguiar's Deep Crystal Car Wash 64-Oz.,Meguiars,Parts,"Home,Home Improvement,Automotive,Car Cleaning,Auto & Tires,Auto Detailing & Car Care,Exterior Care,Car Washes & Cleaners,Car Care,Car Polishes & Waxes,Waxes,eBay Motors,Automotive Tools & Supplies,Automotive Care & Detailing,Car Wash Soap,Cleaners,Car Electronics,Applicators,Gifts,Father's Day Gifts,Automotive Basics,Car Care & Detailing",4.8,20,0.759
AV1YtGjdglJLPUi8IOfJ,"Banana Boat Sunless Summer Color Self Tanning Lotion, Light To Medium",Banana Boat,Energizer Personal Care,"Personal Care,Makeup,Bronzer,Beauty,Skin Care,Sun & Tanning,Sun Care,Health & Beauty,Sun Protection & Tanning,Sunless Tanning Products,See more Banana Boat Summer Color Tanning lotion,Facial Self Tanners,Face",4.25,72,0.805
AV1ZSp2uglJLPUi8IQFy,"Cetaphil Gentle Skin Cleanser, 2oz",Cetaphil,Cetaphil,"Personal Care,Skin Care,Moisturizer,Beauty,Face Cleansers,Face Wash,Facial Cleansers,Featured Brands,Washes",4.429,7,0.954
AV1ZT7GLglJLPUi8IQLI,"Suave Professionals Hair Conditioner, Sleek",Suave,UNILEVER,"Personal Care,Hair Care,Conditioner,Conditioners,Beauty,Salon Hair Care",3.8,50,0.781
AV1ZVIgy-jtxr-f31W9N,Bumble Bee Solid White Albacore In Water - 5 Oz,Bumble Bee,Bumble Bee,"Food,Packaged Foods,Canned Foods,Canned Seafood,Food & Beverage,Meal Solutions, Grains & Pasta,Canned, Jarred & Packaged Foods,Tuna & Seafood,Canned Goods,Canned Goods & Soups,Tuna Fish,Products,Food & Grocery,General Grocery,Conventional Foods",3.889,9,0.759
AV1d76w7vKc47QAVhCqn,"J.R. Watkins Hand Cream, Lemon Cream",J.R. Watkins,J.R. Watkins,"Personal Care,Skin Care,Hand Cream,Beauty,Body Lotions & Creams,Natural Beauty,Natural Personal Care,Natural Skin Care,Ways To Shop,Bath & Body,Hand Creams & Lotions",5.0,6,0.933
AV1h6Gu0glJLPUi8IjA_,"Johnson's Baby Bubble Bath and Wash, 15oz",Johnson's,Johnson's,"Personal Care,Baby Care,Baby Bubble Bath,Baby,Bath & Potty,Toiletries,Bubble Bath,Baby Bath,Bath & Body,Body Wash & Cleansers",4.0,14,0.817
AV1h6gSl-jtxr-f31p40,Ambi Complexion Cleansing Bar,AMBI,FLEMING & CO,"Personal Care,Bath, Shower & Soap,Featured Brands,Health & Beauty,Johnson & Johnson,Bath & Body,Body Wash & Cleansers,Beauty,Skin Care,Facial Cleansers,Soaps",4.75,4,0.845
AV1l8zRZvKc47QAVhnAv,Olay Regenerist Deep Hydration Regenerating Cream,Olay,P&G,"Personal Care,Skin Care,Anti-Aging,Beauty,Face Moisturizers,Facial Moisturizers,Moisturizers,Creams & Moisturizers",4.691,634,0.742
AV2AvGnjGV-KLJ3alTQH,Citrus Magic Instant Spot & Stain Remover,Citrus Magic,Citrus Magic,"Household Chemicals,Laundry,Stain Remover,Office,Janitorial Supplies,Cleaners & Cleaning Supplies,Kitchen & Dining Features,Health & Household,Household Supplies,Stain Removers,Cleaning Brushes,Brushes",5.0,1,0.97
AV2Avn5dGV-KLJ3alTjq,La Tortilla Factory Hand Made Style Tortillas Flour,La Tortilla Factory,La Tortilla Fac,"Food,Packaged Foods,Breads & Baked Goods,Tortillas and Taco Shells,Fresh Food,Bakery & Bread,Tortillas, Pitas & Wraps,Mexican Dishes",5.0,1,0.93
AV2BOOWS-jtxr-f39GPS,Black Sister's Revenge (dvd),Target.com Use Only,Xenon,"Movies, Music & Books,Movies,Drama,African American Cinema",5.0,1,0.989
AVpe-M4-ilAPnD_xSF1K,Calvin Klein Secret Obsession Eau De Parfum,Calvin Klein,Calvin Klein,"Personal Care,Fragrance & Perfumes,Fragrance For Women,Beauty,Fragrances,All Fragrances,Health & Beauty,Women's Fragrances,Fragrance",5.0,2,0.743
AVpe-MCY1cnluZ0-bCv_,"Wallmount Server Cabinet (450mm, 9 RU)",iStarUSA,iStarUSA,"Pro Audio,Furniture Racks,Rack Furniture,Computer Cases,Electronics",3.0,1,0.621
AVpe-PJnLJeJML43ziaj,Happy Tot Apple and Butternut Squash,Happy Family,NURTURE INC,"Food,Packaged Foods,Toddler Food,Baby,Feeding,Baby Food",5.0,9,0.921
AVpe-YAL1cnluZ0-bHGh,Udi's Pepperoni Pizza,Udi's,Udi's,"Food,Packaged Foods,Frozen Foods,Frozen Meals,Food & Beverage,Frozen Pizza,Food & Beverage Ways To Shop,Gluten Free,Special Diets,Pizza,Arts, Crafts & Sewing,Crafting,Craft Supplies,Adhesives,Art Glues & Pastes,#15454 in",1.0,1,0.823
AVpe-ltS1cnluZ0-bL8w,Stander Pt Bedcane - Bed Handle,Stander,Stander Inc,"Health,Home Health Care,Mobility,Mobility Accessories,Bedroom Aids & Safety,Health & Wellness,Daily Living Aids,Basic Mobility",4.692,13,0.841
AVpe31o71cnluZ0-YrSD,Dark Shadows (includes Digital Copy) (ultraviolet) (dvdvideo),Warner Bros.,TIME WARNER,"Movies, Music & Books,Movies,Comedy,Movies & TV,Misc,Instawatch Movies By VUDU,Shop Instawatch,Movies & Music,Movies & TV Shows,Instawatch,Electronics, Tech Toys, Movies, Music,DVDs,See ALL DVDs",4.227,247,0.803
AVpe38Uy1cnluZ0-YuJR,Clambake (dvd),Target.com Use Only,MGM (Video & DVD),"Movies, Music & Books,Movies,Music,All MGM Titles,Movies & TV,Music & Performance,Musicals,Presley, Elvis,Studio Specials,OLD STUFF,DVD,Artists,Elvis Presley",2.917,12,0.908
AVpe3_ikilAPnD_xPykq,Alberto VO5 Salon Series Smooth Plus Sleek Shampoo,Alberto VO5,High Ridge Brands Co.,"Personal Care,Hair Care,Shampoo,Beauty,Shampoos,Daily Shampoo",5.0,3,0.839
AVpe4-GPLJeJML43xmuY,Progresso Traditional Meatball & Rice Soup,Progresso,"GENERAL MILLS SALES, INC.","Food,Packaged Foods,Canned Foods,Canned Meals,Canned Soups,Food & Beverage,Meal Solutions, Grains & Pasta,Canned, Jarred & Packaged Foods,Soups, Chili, Stocks & Broth,Vegetable Soups,Canned Goods & Soups,Soups",2.0,1,0.928
AVpe41TqilAPnD_xQH3d,Mike Dave Need Wedding Dates (dvd + Digital),FOX,Twentieth Century Fox,"Movies & TV Shows,Movies,Romance,Romantic Comedies,Movies, Music & Books,Comedy,Movies & TV,Ways To Shop Entertainment,Recent Release & 4k Movies Sale,Movies & Music,Holiday Shop",4.304,757,0.657
AVpe4Bq81cnluZ0-YwTN,Sea Gull Lighting Ceiling Fan - White,Sea Gull Lighting,Sea Gull Lighting,"Home,Home Appliances,Fans,Home Decor,Lamps & Lighting,Ceiling Fans,Decor",5.0,1,0.903
AVpe4hE0ilAPnD_xQABx,Herr's Baked Cheese Curls,Herr's,Herr's,"Food,Packaged Foods,Snacks,Chips & Pretzels,Food & Beverage,Cookies, Chips & Snacks,Chips,Food & Beverage Ways To Shop,Tailgating Essentials,Snacks, Cookies & Chips,Grocery,Grocery & Gourmet Food,Snack Foods,Puffed Snacks",4.0,1,0.987
AVpe4hlXLJeJML43xbrB,Hawaiian Punch Berry Limeade Blast Juice,Hawaiian Punch,"Dr Pepper/Seven Up, Inc","Food,Packaged Foods,Drinks,Juices,Fruit Flavored Drinks,Food & Beverage,Beverages,Juice & Cider,Juice",4.591,22,0.904
AVpe4pnBilAPnD_xQDeb,Moom Express Pre Waxed Strips For Face & Bikini,Moom,Moom,"Personal Care,Skin Care,Shaving & Hair Removal,Hair Removal Waxes,Shaving,Body Hair Removal,Waxing,Strips,Beauty,Hair Removal,Health & Beauty,Wholesale Lots,Beauty & Personal Care,Bath & Body",3.6,5,0.907
AVpe59io1cnluZ0-ZgDU,My Big Fat Greek Wedding 2 (blu-Ray + Dvd + Digital),Universal Home Video,Universal,"Movies, Music & Books,Movies,Comedy,Movies & TV Shows,Instawatch Movies By VUDU,Shop Instawatch,Movies & TV,Ways To Shop Entertainment,Movies & Tv On Blu-Ray,Movies & Music,Instawatch,Blu-ray",4.491,668,0.678
AVpe5AMsLJeJML43xnku,King Ralph (dvd),Target.com Use Only,UNIVERSAL HOME ENTERTAINMENT,"Movies, Music & Books,Movies,Comedy,Movies & TV,Action & Adventure,Action Comedies",4.5,2,0.995
AVpe5JOgilAPnD_xQPfE,The Script - No Sound Without Silence (cd),Sony Music,Columbia,"Movies, Music & Books,Music,Rock,Music on CD or Vinyl,Pop Music on CD or Vinyl,Pop Rock Music on CD or Vinyl,Vocal Pop,Pop,Pop Rock",4.564,39,0.845
AVpe5Mv4ilAPnD_xQQyy,"Beanitos Bean Chips, Simply Pinto Bean",Beanitos,Beanitos,"Food,Packaged Foods,Snacks,Chips & Pretzels,Tortilla,Chips",4.5,4,0.852
AVpe5WElLJeJML43xv4b,Lite Source Basic Ii 1-Lt Floor Lamp - Dark Bronze,Lite Source,Lite-Source,"Home,Home Decor,Lamps & Lighting,Floor Lamps",5.0,1,0.952
AVpe5c23LJeJML43xybi,Holmes174 Personal Indoor Heater W/ Manual Controls White 1500w Hfh131-N,Holmes,Jarden Home Environment,"Home,Home Appliances,Heaters,Home Improvement,Heating, Cooling, & Air Quality,Electric Heaters,Home & Garden,Heating, Cooling & Air,Space Heaters,Home & Kitchen,Heating, Cooling & Air Quality,Space Heaters & Accessories,Electric Heater",3.5,32,0.805
AVpe5s3RLJeJML43x4eA,Pantene Pro-V Expert Collection Age Defy Conditioner,Pantene,Pantene Pro-V Hair Care,"Personal Care,Hair Care,Conditioner,Beauty,Shampoo & Conditioner,Conditioners,Back To College,Ways To Shop,See more Pantene Expert Pro-v Age Defy Conditioner 8oz ...",4.235,136,0.884
AVpe5tC61cnluZ0-ZZ86,Greyson Vintage Industrial Occasional Cocktail Coffee Table - Antique Bronze - Baxton Studio,Baxton Studio,Wholesale Interiors,"Furniture,Living Room Furniture,Accent Furniture,Accent Tables,Coffee Tables,Home,Home Deals,Furniture Deals,Home & Kitchen,Tables",5.0,1,0.995
AVpe5ttZLJeJML43x4yO,Nature's Path Flax Plus Maple Pecan Crunch Cereal,Nature's Path,"Nature's Path Foods, Inc.","Food,Packaged Foods,Breakfast,Cold Cereals,Organic Foods,Grocery & Gourmet Food,Cooking & Baking,Nuts & Seeds,Pecans,Breakfast Foods,Cereals,Granola",4.5,4,0.691
AVpe625_ilAPnD_xQ4SP,Sunflower Swag With Metal Frame - Nearly Natural,Nearly Natural,Nearly Natural,"Home,Home Decor,Home Accents,Artificial Flowers & Plants,Silk Flowers,Decor,Artificial Plants and Flowers,Artificial Flowers,Indoor Plants,Floral Arrangements,Decorative Accessories,Silk Plants",2.0,1,0.686
AVpe6C3WLJeJML43yApY,Toy Story Kids' Woody Accessory Kit,Toy Story,Disguise,"Holiday Shop,Halloween,Halloween Costume Accessories,Ways To Shop,Favorite Characters,Toys,Pretend Play & Dress Up,Clothing, Shoes & Accessories,Costumes, Reenactment, Theater,Accessories,Wings, Tails, Ears & Noses,Categories,Kids & Baby,All Costumes,All Children's Halloween Costumes,Kids' Halloween Costumes,#19311 in,#6580 in,#5328 in,Toys & Games,Dress Up & Pretend Play",2.0,4,0.904
AVpe6CHv1cnluZ0-ZhwN,Maranatha No Stir Raw Maple Almond Butter,MaraNatha,Maranatha Natural Foods,"Food,Packaged Foods,Condiments, Dips, & Salad Dressings,Nut Butters,Gluten-Free Foods,Peanut Butter,Grocery,#6870 in,#681 in,#65 in",4.118,17,0.758
AVpe6FfKilAPnD_xQmHi,Chex Muddy Buddies Brownie Supreme Snack Mix,Chex,"GENERAL MILLS SALES, INC.","Food,Packaged Foods,Snacks,Snacks, Cookies & Chips,Chips,Home & Garden,Food & Beverages,Snack Foods,Other Snack Foods,grocery,Toys,ARCHIVE SHELF,CAT",4.379,29,0.848
AVpe6FpaLJeJML43yBuP,Sopranos:Season 6 Part 1 (blu-Ray),Warner Bros.,Hbo Home Video,"Movies, Music & Books,Movies,New Movie Releases,Movies & TV,Blu-ray,Blu-ray Special Buys,Movies & Music,Movies & TV Shows,TV Shows,Drama",4.926,68,0.897
AVpe6PCDLJeJML43yFQH,Wagan Smartac 80watt Inverter With Usb,Wagan,Wagan,"Home,Home Improvement,Electrical,Pro Audio,Power Equipment,Power Inverters,Auto & Tires,Auto Electronics,Automotive,Tools & Equipment,Jump Starters, Battery Chargers & Portable Power,Car Electronics,Cell Phones,Cell Phone Accessories,Cell Phone Batteries & Power,Portable Chargers/Power Packs,Consumer Electronics,Multipurpose Batteries & Power,Heavy-Duty Voltage Converters,Frys,Electronic Components,Electrical - Inverters,Holiday Shop,Electronics,Computers,Computer Accessories,video games,Generators,All Generators",3.0,5,0.732
AVpe6_VI1cnluZ0-Z4do,"Sloan Royal Urinal Flush Valve, 1.0 Gpf, Royal 186-1",SLOAN VALVE COMPANY,William H Harvey,"Home Improvement,Bathroom Renovation,Bathroom Plumbing,Plumbing Parts and Repairs,All Plumbing Parts and Repair,Plumbing,Plumbing Parts and Repair,Toilet Parts and Repair,Toilet Flush Valves and Repair Parts,Commercial Urinals,Urinals,Toilet Flush Valves,Toilets,Flush Valves,Bathroom Fixtures",5.0,1,0.48
AVpe6n2_LJeJML43yOgE,Tresemme Kertatin Smooth Infusing Conditioning,TRESemme,Tresemme,"Personal Care,Hair Care,Conditioner,Conditioners,#1442 in,#24 in,Beauty,Hair Treatments,#1,442 in,#240 in",4.439,57,0.896
AVpe71Vk1cnluZ0-aL_Z,"Creme Of Nature Intensive Conditioning Treatment, 32",Creme Of Nature,"Beautyge Brands USA, Inc.","Personal Care,Hair Care,Conditioner,Beauty,Shampoo & Conditioner,Hair Treatments",3.917,12,0.886
AVpe78stLJeJML43ytOY,Arrid Extra Dry Anti-Perspirant Deodorant Spray Regular,Arrid,Arrid,"Personal Care,Deodorants & Antiperspirants,Deodorants (Men's),Deodorants & Antiperspirants (Men's),Deodorants & Antiperspirant",3.944,18,0.731
AVpe7GIELJeJML43yZfu,Eagle Fat Free Sweetened Condensed Milk,Eagle Brand,"Eagle Family Foods, Inc.","Food,Packaged Foods,Baking,Canned or Dried Milk,Food & Beverage,Baking & Cooking Essentials,Baking Essentials,Condensed & Powdered Milk,Fresh Food,Dairy, Eggs & Cheese,Milk & Cream,#382          in,#4,699          in,#13 in,#325 in,#13          in,#3995 in,#3,995 in",4.867,15,0.9
AVpe7JTHilAPnD_xQ_Cl,Wedding Wishes Wedding Guest Book,Hortense B. Hewitt,Wmu,"Party Supplies,Wedding Supplies,Wedding Card Boxes & Books,Invitations & Stationery,Wedding & Anniversary,Office,Office Supplies,Office Organization",5.0,1,0.899
AVpe7jB8LJeJML43yj91,"Pinaud Clubman Styling Gel, Superhold",Pinaud,Pinaud Clubman,"Personal Care,Hair Care,Styling Gel/Lotion,beauty,Gels,Styling Products,Health & Beauty,Hair Care & Styling,See more Pinaud Clubman Styling Super Hold Gel 16 oz",5.0,6,0.863
AVpe7sl91cnluZ0-aI1Y,Diet Canada Dry Ginger Ale - 12pk/12 Fl Oz Cans,Canada Dry,"Dr Pepper/Seven Up, Inc","Food & Beverage,Beverages,Soda & Pop,Grocery & Gourmet Food,Bottled Beverages, Water & Drink Mixes,Soft Drinks,Food,Juice,Soda Pop,Grocery",4.698,43,0.784
AVpe7tA31cnluZ0-aI-r,Baxter Of California Cream Pomade,Baxter of California,Baxter of California,"Personal Care,Hair Care,Styling Gel/Lotion,Beauty & Personal Care,Styling Products,beauty",4.625,8,0.906
AVpe7zdzLJeJML43yp3d,Ragu Roasted Garlic Parmesan Pasta Sauce,Ragu,Unilever,"Food,Packaged Foods,Condiments, Dips, & Salad Dressings,Sauces,Pasta Sauces,Food & Beverage,Meal Solutions, Grains & Pasta,Sauces, Salsa & Marinades,Condiments, Sauces & Spices,Alfredo",4.5,22,0.792
AVpe8dHWLJeJML43y4uG,Sabre 2 Pack Door And Window Alarm,Sabra,SABRE SECURITY EQUIPMENT CORPORATION,"Home,Home Improvement,Home Safety & Security,Alarms & Sensors,Home Security,Home Safety,All Home Security,Home, Garage & Office,Smart Home,Home Alarms & Sensors,Door & Window Alarms,Connected Home,TVs & Electronics,Home Security Alarms,Tools,Home Security & Safety,Alarms,Everything Else,Personal Security",4.385,13,0.892
AVpe8gsILJeJML43y6Ed,"Pendaflex174 Divide It Up File Folder, Multi Section, Letter, Assorted, 12/pack",Pendaflex,Esselte Corporation,"School & Office Supplies,Filing,Files,File Folders,Office,Office Supplies,Office Organization,Filing and Folders,All Folders and Filing,Project Folders,Office Products,Filing Products,Folders,electronics,Filing & Storage,File Boxes",4.19,310,0.742
AVpe8q4T1cnluZ0-afct,"Newman's Own Organics Licorice Twist, Black 5oz",Newman's Own Organics,Newman's Own,"Food,Packaged Foods,Candy,Soft Candy,Candy & Gum,Gummy & Chewy,Home & Garden,Food & Beverages,Candy, Gum & Chocolate,Chewy Candy,Grocery",3.333,6,0.786
AVpe8xjUilAPnD_xRkxC,The Honest Company Laundry Detergent,The Honest Company,The Honest Company,"Household Chemicals,Laundry,Laundry Detergent,Household Essentials,Cleaning Supplies,Natural Cleaning,Brand Shop,The Honest Company,Laundry Care,Ways To Shop,Household Essentials Subscriptions,Laundry Detergents,Laundry Room",4.2,20,0.866
AVpe9W4D1cnluZ0-avf0,Hoover174 Platinum Collection153 Lightweight Bagged Upright Vacuum With Canister - Uh30010com,Hoover,Hoover,"Home,Home Appliances,Vacuums & Floor Care,Upright Vacuums,Appliances,Vacuum Bags & Accessories,Storage,Cleaning,Vacuums,Floor Care,Hoover,Featured Shops,College Dorm Living,Brand Shop,Canister Vacuums,Indoor Vacuums,industrial,Vacuum Cleaners & Floor Care",4.39,362,0.73
AVpe9vHs1cnluZ0-a4TU,Plano Mini-Magnum 13-Compartment Tackle Box,Plano,South Bend,"Sports & Outdoors,Outdoor Sports,Fishing,Fishing Tackle Boxes,Sporting Goods,Fishing Equipment,Tackle Boxes & Bags,Business & Industrial,Material Handling,Shelving & Storage,Bins & Cabinets,Bait Storage,Tackle Boxes,Sports & Fitness Features,Accessories",4.2,5,0.808
AVpe_5U_ilAPnD_xSrxG,Sea Gull Lighting Six Light Bath Sconce/vanity - Brushed Nickel,Sea Gull Lighting,Sea Gull Lighting,"Home,Home Decor,Lamps & Lighting,Wall Lights,Vanity Lights,Wall Sconces,Tools & Home Improvement,Lighting & Ceiling Fans,Home Improvement,Bathroom Lighting,Vanity Lighting,Robot Check,Decor,Wall Fixtures",4.333,3,0.916
AVpe_N91LJeJML43z4jD,"Way Basics 3-Shelf Eco Narrow Bookcase Storage Shelf, Espresso - Formaldehyde Free - Lifetime Guarantee",Way Basics,Way Basics,"Home,Kids' Home,Girls' Room,Girls' Room Furniture,Home Ideas, Design & Inspiration,Modern Decor,Furniture,Home Office Furniture,Bookcases,Boys' Room,Boys' Room Furniture,Office Furniture,Kids Furniture,Kids Bedroom Furniture,Bookshelves,Natural Baby Products,Arts & Crafts, Educational Toys, Books,Back to School Supplies,Classroom Furniture,Classroom Cubbies & Coat Lockers",3.818,11,0.931
AVpe_dxlilAPnD_xSiHI,"The Seaweed Bath Co. Argan Conditioner, Smoothing Citrus",The Seaweed Bath Co.,The Seaweed Bath,"Personal Care,Hair Care,Conditioner,Beauty,Shampoo & Conditioner,Salon Hair Care,Conditioners",4.111,9,0.954
AVpe_pDG1cnluZ0-bjSf,Bi-O-kleen Spray & Wipe All Purpose Cleaner,Biokleen,Biokleen Cleaners,"Household Chemicals,Household Cleaners,All Purpose Cleaner,Household Essentials,Bathroom,Bathroom Cleaners,Health & Household,Household Supplies,Household Cleaning,All-Purpose Cleaners,Health & Personal Care,Health,Cleaning & Odor Control,Dog,Household,Laundry & Cleaning",4.625,8,0.929
AVpe_y-I1cnluZ0-bmvh,Yes To Carrots Nourishing Body Wash,Yes to Carrots,Yes To Inc.,"Personal Care,Bath, Shower & Soap,Body Wash & Cleanser,Bath & Body,Body Wash & Cleansers,Cleansers,Body Scrubs,Scrubs & Body Treatments,Bath & Body Care,Beauty,Body Washes",4.662,65,0.881
AVpf--o9LJeJML43G_Fq,Vaseline Intensive Care Healthy Hands Stronger Nails,Vaseline,Vaseline,"Personal Care,Skin Care,Hand Cream,Beauty,Body Lotions & Creams,Featured Brands,Health & Beauty,Unilever,Holiday Shop,Christmas,Bath & Body,Hand Creams & Lotions,Nail Care, Manicure & Pedicure,Hand & Nail Treatment Creams,Moisturizers",4.719,96,0.891
AVpf-GsfLJeJML43GxG4,Gain Original Scent Liquid Fabric Softener 129 Oz,Gain,Generic,"Household Essentials,Laundry Care,Ways To Shop,Household Essentials Subscriptions,Laundry,Liquid Fabric Softeners,Household Chemicals,Fabric Softener,Subscription Deals,Other Laundry Care,Fabric Care,Target Restock,Fabric Softeners,Laundry Room",4.333,6,0.838
AVpf-bS61cnluZ0-uZcq,Nature's Path Chunky Chocolate Peanut Chewy Granola Bars,Nature's Path,"Nature's Path Foods, Inc.","Food,Packaged Foods,Snacks,Cereal Bars and Granola Bars,Snacks, Cookies & Chips,Granola Bars & Snack Bars,Bars,Cereals & Granolas,Cereal & Granola Bars,Gluten-Free Foods,Breakfast Bars",4.0,2,0.927
AVpf-k78LJeJML43G4qN,Metzeler ME888 Marathon Ultra Custom Touring Front Tire 100/90-19,Metzeler,Parts,"Auto & Tires,Motorcycle and ATV,Motorcycle,Motorcycle Parts,Motorcycle Tires,Cruiser,Tire Tubes",4.769,13,0.884
AVpf-lMV1cnluZ0-ub0_,If A Man Answers (dvd),Target.com Use Only,UNIVERSAL HOME ENTERTAINMENT,"Movies, Music & Books,Movies,Romance,Movies & TV,Comedy,Romantic Comedies",4.75,4,0.94
AVpf0O60ilAPnD_xizE6,"Super Poligrip Denture Adhesive Cream, Ultra Fresh - 2.4 Oz",Super PoliGrip,Generic,"Personal Care,Oral Care,Denture Care,Health & Beauty,Beauty",4.583,24,0.762
AVpf0YhQLJeJML43ETff,"Australian Gold Exotic Blend Lotion, SPF 4",Australian Gold,AUSTRALIAN GOLD PRODUCTS LTD.,"Personal Care,Sun Care,Sunscreen Below SPF 15,Beauty,Skin Care,Health & Beauty,Sun Protection & Tanning,Sunscreen",4.912,34,0.839
AVpf0eb2LJeJML43EVSt,The Resident Evil Collection 5 Discs (blu-Ray),Sony Pictures,SONY CORP,"Movies, Music & Books,Ways To Shop Entertainment,Movie & Tv Box Sets,Movies,Horror,Movies & TV Shows,All Horror,Movies & Tv On Blu-Ray,Movies & TV,Blu-ray,Action & Adventure,Movies & Music,Holiday Shop",4.675,845,0.783
AVpf0kZFilAPnD_xi5QZ,Annie's Homegrown Gluten Free Double Chocolate Chip Granola Bars,Annie's,Annie's Homegrown,"Food,Packaged Foods,Snacks,Cereal Bars and Granola Bars,Food & Beverage,Cookies, Chips & Snacks,Granola Bars,Snacks, Cookies & Chips,Granola Bars & Snack Bars,Breakfast & Cereal,Breakfast Bars,Grocery & Gourmet Food,Snack Foods,Bars,Granola,Home & Garden,Food & Beverages,Snack Bars,Featured Brands,Grocery,General Mills,Granola & Nutrition Bars",4.714,7,0.82
AVpf0pfrilAPnD_xi6s_,Nearly Natural 5.5' Bamboo W/decorative Planter,Nearly Natural,Nearly Natural,"Home,Home Decor,Home Accents,Artificial Flowers & Plants,Artificial Trees,Decor,Artificial Plants and Flowers,All Artificial Plants and Flowers,Artificial Plants,Decorative Accessories,Silk Plants",4.5,6,0.851
AVpf0thK1cnluZ0-r8vR,100:Complete First Season (blu-Ray),Warner Bros.,Warner Home Video,"Movies, Music & Books,Movies,New Movie Releases,Ways To Shop Entertainment,Tv Box Sets,Movies & TV,Blu-ray,Television,Box Sets,Movies & Music,Movies & TV Shows,Movies New Releases,Movies & Tv On Blu-ray,Movies & Tv On Blu-ray New Releases,Tv Shows,Tv Show New Releases,Action & Adventure,Drama,Studio Specials,Warner Home Video,All Titles",4.712,139,0.889
AVpf1pwXLJeJML43EqpT,"Colorganics Lipstick, Cayenne",Colorganics,Colorganics,"Personal Care,Makeup,Lipstick, Lip Gloss, & Lip Balm,Lipstick,Beauty,Lips",4.75,4,0.918
AVpf1ryk1cnluZ0-sONd,Germ Guardian174 Elite 3-In-1 Pet Pure True Hepa Air Purifier Ac4300bptca,Guardian,"Guardian Technologies, LLC","Home,Home Appliances,Air Purifiers,Home Improvement,Heating, Cooling, & Air Quality,Air Quality,Heating,Cooling,germguardian,HEPA Air Purifiers,Asthma Medicine,Kitchen & Dining Features,Air,Housewares,Water Filters",5.0,1,0.915
AVpf2tw1ilAPnD_xjflC,Red (special Edition) (dvdvideo),Summit Entertainment,Summit Entertainment,"Movies & TV Shows,Instawatch Movies By VUDU,Shop Instawatch,Movies, Music & Books,Movies,Action & Adventure,Movies & TV,Movies & Music,Special Editions,Comedy,Studio Specials,Instawatch",4.652,672,0.824
AVpf385g1cnluZ0-s0_t,"Hormel Chili, No Beans",Hormel,Hormel,"Food,Packaged Foods,Canned Foods,Canned Meals,Canned Chili,Food & Beverage,Meal Solutions, Grains & Pasta,Canned, Jarred & Packaged Foods,Canned & Packaged Beans,Holiday Shop,Christmas,Soups, Chili, Stocks & Broth,Chili,Canned Goods & Soups,Beans,Featured Brands,Grocery,Hormel,Beans & Peas,Grocery & Gourmet Food,Soups, Stocks & Broths",4.311,196,0.607
AVpf3VOfilAPnD_xjpun,Clorox Disinfecting Wipes Value Pack Scented 150 Ct Total,Clorox,Clorox,"Household Essentials,Cleaning Supplies,Kitchen Cleaners,Cleaning Wipes,All-Purpose Cleaners,Health & Household,Household Supplies,Household Cleaning,Ways To Shop,Classroom Essentials,Featured Brands,Home And Storage & Org,Clorox,Glass Cleaners,Surface Care & Protection,Business & Industrial,Cleaning & Janitorial Supplies,Cleaners & Disinfectants,Cleaning Wipes & Pads,Cleaning Solutions,Housewares,Target Restock,Food & Grocery,Paper Goods,Wipes,All Purpose Cleaners",4.82,8545,0.82
AVpf3okQLJeJML43FMif,Tai Pei Sweet & Sour Chicken,Tai Pei,Discovery Foods,"Food,Packaged Foods,Frozen Foods,Frozen Meals,Fresh Food,Deli,Prepared Foods",3.7,20,0.748
AVpf4WWN1cnluZ0-s7Wj,Chips Deluxe Soft 'n Chewy Cookies,Chips Deluxe,Kellogg Sales Co,"Food,Packaged Foods,Snacks,Cookies,Snacks, Cookies & Chips",4.0,3,0.826
AVpf4oLxLJeJML43FcxC,"Avery174 Ready Index Contemporary Table Of Contents Divider, 1-8, Multi, Letter",Avery,Avery Dennison,"Office,Office Supplies,Office Organization,Binders and Accessories,All Binders,School & Office Supplies,Filing,File Dividers,Dividers",4.885,313,0.856
AVpf5CnILJeJML43FjaU,"WeatherTech 40647 14-15 Outlander Cargo Liners Behind 2nd Row, Black",Weather Tech,WeatherTech,"Auto & Tires,Automotive Interior,Car Organizers,Interior Car Accessories,Cargo Mat,Interior Accessories",4.833,12,0.882
AVpf5FF71cnluZ0-tHAV,Orajel Maximum Strength Toothache Pain Relief Liquid,Orajel,Orajel,"Personal Care,Oral Care,Oral Pain Relief,Children's Oral Care,Pain Relievers,Medicine Cabinet,Health,Other Oral Care,Grocery & Gourmet Food",4.674,46,0.774
AVpf5Z1zLJeJML43FpB-,"Lysol Concentrate Deodorizing Cleaner, Original Scent",Lysol,Reckitt Benckiser,"Household Chemicals,Household Cleaners,Disinfectant,Office,Janitorial Supplies,Cleaners & Cleaning Supplies,Health & Household,Household Supplies,Household Cleaning,All-Purpose Cleaners,Crackers,Home & Garden,Household Supplies & Cleaning,Cleaning Products,Health & Beauty,Other Health & Beauty,Health,Health & Personal Care",4.748,155,0.833
AVpf5ZcH1cnluZ0-tL9V,Coola Organic Sunscreen Classic Face Cucumber SPF 30,COOLA,COOLA,"Personal Care,Sun Care,Sunscreen SPF 15 And Above,Beauty,Skin Care,Health & Beauty,Sun Protection & Tanning,Sunscreen,Beauty & Personal Care,Sunscreens & Tanning Products,Sunscreens,Facial Sunscreens",5.0,2,0.944
AVpf5olc1cnluZ0-tPrO,Chester's Cheese Flavored Puffcorn Snacks,Chester's,Frito-Lay,"Food,Packaged Foods,Snacks,Chips & Pretzels,Food & Beverage,Cookies, Chips & Snacks,Chips,Snacks, Cookies & Chips,Food & Beverage Ways To Shop,Tailgating Essentials,Grocery,#1,079          in,#236          in,#26          in",4.819,177,0.758
AVpf5ujMilAPnD_xkQVi,D-Con Mice Bait Station - 3ct,D-Con,Reckitt Benckiser,"Household Essentials,Pest Control,Patio & Garden,Garden Center,Insect & Pest Control,Gardening & Lawn Care,Home & Garden,Yard, Garden & Outdoor Living,Gardening Supplies,Other Gardening Supplies",2.571,7,0.827
AVpf63aJLJeJML43F__Q,"Burt's Bees Lip Shimmer, Raisin",Burt's Bees,Burt's Bees,"Personal Care,Makeup,Lipstick, Lip Gloss, & Lip Balm,Lip Gloss,Beauty,Lips,Beauty & Personal Care,Skin Care,Lip Care,Lip Balms & Treatments",4.651,873,0.764
AVpf7HOwilAPnD_xkl3L,Wilton Black Dots Standard Baking Cups,Wilton,Wilton,"Kitchen & Dining,Cookware & Tools,Baking & Pastry Tools,Cookware, Bakeware & Tools,Crafts,Other Crafts,Home",5.0,1,1.0
AVpf7I3i1cnluZ0-tnL6,Mrs. Meyer's174 Lemon Verbena Laundry Scent Booster - 18oz,Mrs. Meyer's,SC JOHNSON,"Household Essentials,Cleaning Supplies,Natural Cleaning,Laundry Care,Ways To Shop,Household Essentials Subscriptions,Health & Household,Household Supplies,Laundry,Detergent Pacs & Tablets,Scent Boosters,Featured Brands,Home And Storage & Org,Mrs. Meyers Clean Day,Mrs. Meyer?? Clean Day,Boosters & Bleach",4.414,29,0.921
AVpf7LysilAPnD_xkm9G,Cuisinart174 Electric Juicer - Stainless Steel Cje-1000,Cuisinart,CUISINART,"Kitchen & Dining,Kitchen Appliances,Juicers,Appliances,Featured Brands,Home And Storage & Org,Cuisinart,Small Appliances,Blenders and Juicers,Kitchen,Dining,Blenders,Small Kitchen Appliances,Blenders & Juicers,Centrifugal Juicers,Home & Garden,Kitchen, Dining & Bar,Frys,Home,Can Openers,Electric",4.388,103,0.88
AVpf7aUAilAPnD_xkqbP,SC Johnson One Step No Buff Wax,SC Johnson,S C JOHNSON WAX,"Household Chemicals,Household Cleaners,Floor Care,Wood Polish,Floor & Carpet Cleaner,Home,Household Supplies,Household Cleaning,Cleaning Products,appliances",4.875,8,0.886
AVpf7fFbilAPnD_xkrmW,"Simple Green All-Purpose Cleaner, 16oz",Simple Green,Sunshine Makers,"Household Chemicals,Household Cleaners,All Purpose Cleaner,Household Essentials,Cleaning Supplies,All-Purpose Cleaners,All Purpose Cleaners,Cleaning,Health,Household Supplies,Household Cleaning",5.0,4,0.885
AVpf8AoBilAPnD_xkzJ2,Avery174 11-1/4 X 9-1/4 Index Maker Extra Wide Label Dividers With 5 Tab - Clear (5 Sets Per Pack),Avery,Avery,"School & Office Supplies,Filing,File Dividers,Labels & Label Makers,Sticker Labels,Office,Office Supplies,Office Organization,Binders and Accessories,All Binders,Ways To Shop,Classroom Essentials,Dividers",5.0,1,0.97
AVpf99c6LJeJML43Gu3K,Romantic Drama: Greatest Classic Films Collection 2 Discs,Warner Bros.,TIME WARNER,"Movies, Music & Books,Movies,Romance,Drama,Movies & TV,Urban Dramas,Movies & Music,Movies & TV Shows,Classics,Classic Dramas",5.0,4,0.949
AVpf9UGp1cnluZ0-uITX,Post Bound Jumbo Album - Burgundy (11x14),Pioneer,120,"Home,Arts & Crafts,Photo Albums,Photography,Presentation Archiving,Albums Accessories,Scrapbooks Sketchbooks,Arts, Crafts & Sewing,Scrapbooking,Albums & Refill Pages,Albums,Scrapbooks Sketchbooks zaxtfacxvbabwsurfdydezredyeyt,Specialty Stores,Scrapbook Albums,Crafts & Hobbies,Scrapbooking Supplies,Photo Studio,Crafts",3.75,8,0.771
AVpf9_3MLJeJML43GvdB,"Iman Second To None Stick Foundation, Clay 1",Iman,IMAN,"Personal Care,Makeup,Concealer & Foundation,Foundation,Beauty,Face",4.267,15,0.936
AVpf9pzn1cnluZ0-uNTM,"Lundberg Wehani Rice, 25lb",Lundberg,Lundberg Family Farms,"Food,Packaged Foods,Packaged Grains,Rice,Brown Rice,Meal Solutions, Grains & Pasta,Grains & Rice,Grocery & Gourmet Food,Dried Beans, Grains & Rice,Brown",4.782,412,0.76
AVpfA5BeLJeJML430eOi,Charcoal Stone Toothbrush Holder Gray,No Brand,Allure Home,"Home,Bath,Bathroom Accessories,Home Deals,Home Improvement,Bathroom Renovation,Bathroom Accessories and Hardware,Bath Accessories,Space Savers",3.5,2,0.873
AVpfAgSp1cnluZ0-b2-K,"Bounce Dryer Sheets, Fresh Linen, 160 sheets",Bounce,Bounce,"Household Chemicals,Laundry,Fabric Softener,Fabric Softener Sheets,Household Essentials,Dryer Sheets & Balls,Other Laundry Care,Fabric Care,Health & Household,Household Supplies,Health,Active Nutrition,Protein Supplements,Dog,Laundry Room",4.897,87,0.896
AVpfAkX91cnluZ0-b4d8,"L'oreal Paris Visible Lift Smooth Absolute, Natural Buff",L'Oreal Paris,L'OREAL SA,"Personal Care,Makeup,Concealer & Foundation,Foundation,Foundation with SPF,Beauty,Face",3.909,22,0.89
AVpfBO2vLJeJML430mGh,Mill Creek Aloe Vera & Paba Lotion,Mill Creek,Mill Creek,"Personal Care,Skin Care,Moisturizer,Bath & Body,Hand Creams & Lotions,Body Lotions,Beauty",4.6,10,0.93
AVpfBSJgilAPnD_xTLf3,Axe Dry Anti-Perspirant Deodorant Invisible Solid Phoenix,Axe,Axe,"Personal Care,Deodorants & Antiperspirants,Deodorants (Men's),Deodorants & Antiperspirants (Men's),Men's Grooming,Men's Bath & Body,Deodorant,Featured Brands,Health & Beauty,Unilever,Axe,Beauty & Personal Care,Combination Deodorants & Antiperspirants,Deodorants,Deodorants & Antiperspirant,Bath & Body,Back To College,Beauty,#658 in,#3 in,Seasonal,#19 in,American Jobs",4.254,59,0.812
AVpfBU2S1cnluZ0-cJsO,Power Crunch Protein Energy Bar Peanut Butter Creme Original,Power Crunch,BNRG,"Food,Packaged Foods,Snacks,Energy Bars,Health,Protein & Fitness,Protein Bars,Active Nutrition,Sports & Outdoors,Outdoor Sports,Bikes,Bike Accessories,Bars,Breakfast Bars",4.462,39,0.79
AVpfBeN6LJeJML430rrn,Roommates No Place Like Home Peel Stick Wall Decals,Roommates,York Wallcoverings,"Home,Home Decor,Wall Decor,Home Improvement,Paint,Wallpaper and Wall Borders,Wallpaper,Wall Decals,RoomMates,Decor,Art & Wall Decor,Decorative Wall Decals,All Wall Decals,#267850 in,#84794 in,#28410 in",5.0,1,0.991
AVpfBpnEilAPnD_xTUBx,"All,bran Complete Wheat Flakes, 18 Oz.",All-Bran,Kellogg Company,"Food,Packaged Foods,Breakfast,Cold Cereals,Breakfast & Cereal,Cold Cereal,All Cereal",4.909,11,0.729
AVpfBrUZilAPnD_xTUly,"Coty Airspun Face Powder, Translucent Extra Coverage",Coty,Coty brands,"Personal Care,Makeup,Concealer & Foundation,Foundation,Facial Powder,Beauty,Face",4.646,158,0.834
AVpfBuqY1cnluZ0-cTBI,"42 Dual Drop Leaf Table with 2 Madrid Chairs""",INC International Concepts,International Concepts,"Furniture,Kitchen & Dining Furniture,Dining Room Sets,Home Decor,Dining and Kitchen Furniture,Dining Sets,Home",5.0,1,1.0
AVpfBwE4ilAPnD_xTWO1,"Smead174 Recycled Letter Size Manila File Backs W/prong Fasteners, 2 Capacity, 100/box",Smead,SMEAD MANUFACTURING CO.,"School & Office Supplies,Filing,Files,File Folders,Office,Small Business Center,Small Business Bulk Buys,All Bulk Buys,Office Supplies,Office Organization,Home",5.0,2,0.815
AVpfC3KoLJeJML431KRR,Nearly Natural Pothos Ledge Plant (set On Foam) Silk Plant,Nearly Natural,Nearly Natural,"Home,Home Decor,Home Accents,Artificial Flowers & Plants,Indoor Plants,Decor,Artificial Plants and Flowers,All Artificial Plants and Flowers,Kitchen & Dining Features,Home & Kitchen Features,Decorative Accessories,Silk Plants,Home D?cor,Artificial Plants",3.0,2,0.592
AVpfCi3kilAPnD_xTn3k,Little Bedding By Nojo Jungle Dreams 2 Pack Sheet Set,Nojo,Little Bedding,"Baby,Nursery,Baby Bedding,Crib Sheets,Nursery & Decor,Bedding,Sheets,Toddler,Toddler Bedding Sets & Sheets,Bedding Sets",4.0,8,0.866
AVpfCjEEilAPnD_xTn75,Sizzix Framelits Dies 1by Tim Holtz Bird Crazy-Silver Asst Sizes,Sizzix,Sizzix,"Home,Arts & Crafts,Scrapbooking,Scrapbooking Tools,Arts, Crafts & Sewing,Crafting,Paper Crafting,Card Making,Crafts,Scrapbooking & Paper Crafts,Scrapbooking Embellishments,Die Cut Shapes & Punchies,See more Sizzix Framelits Die Set 18pk - Bird Crazy 660...,Die Cutting,Die Cuts,Other Crafts,Die Cut Machines and Supplies,Dies,Die-Cuts,Arts,",4.875,16,0.874
AVpfCuzrilAPnD_xTroT,Tostitos Simply Blue Corn Tortilla Chips,Tostitos,Frito-Lay,"Food,Packaged Foods,Snacks,Chips & Pretzels,Snacks, Cookies & Chips,Chips,Food & Beverage,Cookies, Chips & Snacks,Food & Beverage Ways To Shop,Tailgating Essentials,Grocery & Gourmet Food,Snack Foods,Chips & Crisps,Tortilla",4.667,21,0.912
AVpfCvKt1cnluZ0-cpI2,Starbucks153 Doubleshot Protein Coffee - 11 Fl Oz,Starbucks,Starbucks,"Food & Beverage,Coffee, Tea & Cocoa,Coffee,Food,Ready to Drink Coffee,Protein Drinks,Bottled & Canned Coffee Drinks",5.0,3,0.862
AVpfCy9b1cnluZ0-cqWS,Bill Glor Gaither - Church In The Wildwood (cd),UMGD,Gaither Music Group,"Movies, Music & Books,Music,Gospel & Christian,Music on CD or Vinyl,Christian & Gospel Music on CD or Vinyl,Gospel Music on CD or Vinyl,Southern Gospel Music on CD or Vinyl,Pop & Contemporary,Pop,Southern Gospel,Christian,Gospel",5.0,3,0.778
AVpfD9xTLJeJML431ig2,There's Something About Mary (dvd),FOX,20th Century Fox,"Movies, Music & Books,Movies,Comedy,Movies & TV,Slapstick,Movies & Music,Movies & TV Shows,All Fox Titles,General",4.523,130,0.845
AVpfDA6wilAPnD_xTxdg,Head & Shoulders Dandruff Shampoo Ocean Lift 2 In 1,Head & Shoulders,Procter & Gamble Company,"Personal Care,Hair Care,Anti-Dandruff,Shampoos,Health & Beauty,Hair Care & Styling,Shampoos & Conditioners,Beauty & Personal Care,Shampoo,Shampoo Plus Conditioner,Beauty",4.333,6,0.825
AVpfDI3xilAPnD_xTz-k,Black Front Loading Frame Set (8.5x11) Set Of 12,Nielsen,Valmont,"Home,Home Decor,Frames & Display Boxes,Decor,Frames,Home Deals",3.556,9,0.72
AVpfD_NRilAPnD_xUG56,"RC Cola, 12oz",RC Cola,Cadbury Schweppes Americas Beverages,"Food,Packaged Foods,Drinks,Carbonated Beverages,Soda,Food & Beverage,Beverages,Soda & Pop,Soft Drinks,Food & Grocery,Soda Pop,Grocery & Gourmet Food,Bottled Beverages, Water & Drink Mixes",5.0,2,0.909
AVpfDbSP1cnluZ0-c3wo,Scotty Mini Double Ended Extender,Scotty,Scotty,"Sports & Outdoors,Outdoor Sports,Fishing,Fishing Gloves & Accessories,#108678 in,#17426 in,#71649 in,Accessories,Rod Racks,Cases",4.0,1,0.624
AVpfDflP1cnluZ0-c5RJ,Kenroy Home Table Lamp - Chrome,Kenroy Home,Kenroy Home,"Home,Home Decor,Lamps & Lighting,Table Lamps,Lighting Fan Shop,Lamps,Decor,Sports Fan Shop,For the Home Fan Shop,Decor Fan Shop,Floor Lamps",1.0,1,0.649
AVpfDiTDLJeJML431Y21,"Dermalogica Special Cleansing Gel, 8.4oz",Dermalogica,Dermalogica,"Personal Care,Skin Care,Face Care,Facial Cleanser,Beauty,Face Moisturizers,Beauty & Personal Care,Face,Cleansers,Gels,Health & Beauty,Cleansers & Toners,Moisturizers,Beauty Products,Dermalogica,Anti-Aging",5.0,4,0.837
AVpfE5UF1cnluZ0-dY1N,"Smead174 3-In-1 Supertab Section Folders, 1/3 Cut Top Tab, Letter, Assorted, 12/pack",Smead,SMEAD MANUFACTURING CO.,"School & Office Supplies,Filing,Files,File Folders,Seasonal,Back to School Top Items,Office Products,Filing Supplies,Office Supplies,Top Tab File Folders,Office Organization,Office",5.0,2,0.661
AVpfE7puilAPnD_xUcCW,Bilbao Nightstand Gray Oak - South Shore,South Shore,South Shore,"Furniture,Bedroom Furniture,Nightstands,Home,Home Ideas, Design & Inspiration,Modern Decor,Home & Kitchen Features,Nursery Furniture,Night Stands,Bedside Tables,Furniture Store,South Shore Furniture,Decor",3.5,6,0.93
AVpfELcXLJeJML431naf,Africa's Best No-Lye Dual Conditioning Relaxer System Super,Africa's Best,Cheatham Chemical Co.,"Personal Care,Hair Care,Hair Relaxer,Hair Treatments,Beauty",4.167,6,0.839
AVpfEqFbilAPnD_xUV28,Tramontina Ceramica 10 Piece Cookware Set - Red,Tramontina,Tramontina USA Inc.,"Kitchen & Dining,Cookware & Bakeware,Pots & Pans,Cookware Sets,Cookware & Tools,Cookware, Bakeware & Tools,Cookware,Kitchen,Home",5.0,4,0.895
AVpfEqruilAPnD_xUWDr,"Newman's Own Balsamic Vinaigrette, 16.0oz",Newman's Own,"Newman's Own, Inc.","Food,Packaged Foods,Condiments, Dips, & Salad Dressings,Salad Dressings,Food & Beverage,Meal Solutions, Grains & Pasta,Condiments & Salad Dressing,Salad Dressing,Condiments, Sauces & Spices,#20803 in,#2617 in,#309 in,Baking",4.4,10,0.794
AVpfErGsLJeJML431yRX,"Carson-Dellosa Publishing Photographic Learning Cards Boxed Set, Nouns/verbs/adjectives, Grades K-12",Carson-Dellosa Publishing,Carson-Dellosa Publishing,"School & Office Supplies,Teacher Supplies & Classroom Decorations,Toys,Learning Toys,Learning & Development Toys,Science & Discovery Toys,Learning Accessories,Ways To Shop,Classroom Essentials,Preschool Toys,electronics,Toys & Games,Flashcards & Games,Office,School Supplies,Classroom Decorations",5.0,1,0.996
AVpfF7k8ilAPnD_xUyWf,Lite Source Reiko 1 Light Table Lamp - Orange,Lite Source,Lite Source,"Home,Home Decor,Lamps & Lighting,Table Lamps,Decor,Lighting & Light Fixtures,Lamps",3.0,1,0.47
AVpfFGqP1cnluZ0-ddjG,Sea Gull Lighting One Light Wall/bath/vanity-Brushed Nickel,Sea Gull Lighting,Sea Gull Lighting,"Home,Home Decor,Lamps & Lighting,Wall Lights,Wall Sconces,Vanity Lights,Sconces,Decor,Wall Fixtures,Bathroom Lighting",5.0,1,0.902
AVpfFTpK1cnluZ0-diMS,Olay Moisturizing Lotion For Sensitive Skin,Olay,Olay,"Personal Care,Skin Care,Face Care,Facial Moisturizer/Treatment,Moisturizer,Beauty,Facial Moisturizers,Face Moisturizers,Moisturisers,Body,Lotions,Beauty & Personal Care,Moisturizers",4.0,3,0.809
AVpfFs_1ilAPnD_xUtRm,J.a. Henckels International 4-Pc Everedge Plus Steak Knife Set,J.a. Henckels,J.A. Henckels International,"Kitchen & Dining,Cutlery & Knife Accessories,Cutlery Sets,Cookware, Bakeware & Tools,Knives & Sharpeners,Home & Garden,Kitchen, Dining & Bar,Flatware, Knives & Cutlery,Kitchen & Steak Knives,Home,Knife Sets,Steak Sets",3.889,9,0.917
AVpfFymYilAPnD_xUvMh,"Kikkoman Soy Sauce, 5fl oz",Kikkoman,"Kikkoman Sales Usa, Inc.","Food,Packaged Foods,Condiments, Dips, & Salad Dressings,Sauces,Barbecue Sauces,Meal Solutions, Grains & Pasta,Condiments, Sauces & Spices,Condiments,#44345 in,#3644 in,#282 in",4.6,5,0.739
AVpfGRUHilAPnD_xU5nU,Naturtint Nutrideep Multiplier Protective Cream,Naturtint,Naturtint Hair Color,"Personal Care,Hair Care,Conditioner,See more Nutrideep Multiplier Protective Cream 5.28 fl ...,Beauty,Wholesale Lots,Styling Products",5.0,5,0.949
AVpfGTRQLJeJML432WYA,"Burt's Bees Lip Shimmer, Watermelon",Burt's Bees,"Burt's Bees, Inc.","Personal Care,Makeup,Lipstick, Lip Gloss, & Lip Balm,Lip Balm,beauty,Lips,Lip Glosses,Cosmetics",4.625,8,0.945
AVpfG_ujilAPnD_xVI8L,Kohler 10280-4 Fort Bath Spout With Sculpted Lift Rod and 1/2-in NPT Connection,Kohler,KOHLER,"Home Improvement,Bathroom Renovation,Bathroom Fixtures and Materials,Indoor Tubs and Whirlpools,All Indoor Tubs and Whirlpools,Sink & Bathtub Spouts,Plumbing,Plumbing Parts & Repair,Tub and Shower Parts & Repair,Tub Spouts,Faucet Parts,Rough Plumbing,Tools & Home Improvement,Shower and Bathtub Parts & Repair",4.75,8,0.851
AVpfGuDrLJeJML432fDz,Pleasant Hearth Diamond Fireplace Screen - Espresso,Pleasant Hearth,"GHP Group, Inc.","Home,Home Appliances,Fireplaces & Accessories,Home Improvement,Heating, Cooling, & Air Quality,Fireplaces,Fireplace Accessories,Fireplace Doors,Heating and Cooling,Fireplaces and Stoves,Fireplace Tools and Accessories,Fireplace Screens,Fireplaces and Hearth",4.516,31,0.923
AVpfH2Rx1cnluZ0-eYtu,Lynk Professional174 Pull Out Cutting Board Bakeware Sliding Cabinet Organizer,Lynk,Lynk,"Kitchen & Dining,Kitchen Storage,Cabinet & Drawer Organization,Kitchen Storage & Organization,Drawers & Cabinet Organizers,Home",5.0,3,0.943
AVpfHI2filAPnD_xVL7R,L'oreal Paris Advanced Hairstyle Boost It High Lift Creation Spray,L'Oreal Paris,Generic,"Personal Care,Hair Care,Hair Spray,Beauty,Styling Products,Featured Brands,Health & Beauty,L'oreal",3.667,33,0.821
AVpfHZMxLJeJML432tfs,"Candy Pink Plastic Cups, 20 pk",Touch of Color,CREATIVE CONVERTING,"Party & Occasions,Party Supplies,Disposable Tableware,Party Tableware,Household Essentials,Paper & Disposable Plastics,Tableware,Party Drinkware,Graduation,Drinkware,Home,Household",3.0,1,0.944
AVpfHf4wLJeJML432vqK,Trend Lab Park Nursing Cover - Paisley,Trend Lab,Trend Lab,"Baby,Nursing & Feeding,Breastfeeding,Nursing Covers,Baby Gear,Nursing,Trend Lab,Feeding,Breastfeeding/Nursing,Nursing Covers/Blankets,Gift Baskets,Gift Sets,Baby Feeding,Nursing Pillows & Covers,Baby Bedding,Pillows,Just for Mom",4.364,11,0.842
AVpfIGFeLJeJML4328YR,"2x Ultra Era with Oxi Booster, 50fl oz",Era,Era liquid detergent,"Household Chemicals,Laundry,Laundry Detergent,Household Essentials,Laundry Detergents,Business & Industrial,Office,Office Supplies,Bulk Blank Media,Cleaning Kits,Health & Household,Household Supplies,Liquid Detergent,Laundry Room",4.8,5,0.947
AVpfIN84LJeJML432_D9,Every Man Jack Pomade Signature Mint Scent,Every Man Jack,Every Man Jack,"Personal Care,Men's Grooming,Men's Hair Care,Beauty,Hair Care,Styling Products,Back To College",5.0,1,0.957
AVpfIOoV1cnluZ0-ehGp,Reebok Classic Leather Running Shoes - White (Men),Reebok,Reebok,"Clothing,Shoes,Men's Shoes,All Men's Shoes",4.8,5,0.942
AVpfIfnYilAPnD_xVpGi,Soothing Touch Lemon Cardamom Vegan Lip Balm .25 Oz,Soothing Touch,Soothing Touch,"Personal Care,Makeup,Lipstick, Lip Gloss, & Lip Balm,Lip Balm,Balms & Moisturizers,Beauty,Skin Care,Lip Care,Lips,Balms",4.5,6,0.812
AVpfIvbgLJeJML433Kph,"Ogx Conditioner, Hydrating Teatree Mint",Ogx,Vogue International,"Personal Care,Hair Care,Conditioner,Beauty,Shampoo & Conditioner,Conditioners,See more 2 Organix Hydrating TEATREE MINT Conditioner 1...,Back To College",4.913,23,0.95
AVpfJCq51cnluZ0-ey-L,Weleda Everon Lip Balm,Weleda,Weleda,"Personal Care,Makeup,Lipstick, Lip Gloss, & Lip Balm,Lip Balm,Beauty,Lip Care",4.625,8,0.953
AVpfJP1C1cnluZ0-e3Xy,Clorox Disinfecting Bathroom Cleaner,Clorox,AmazonUs/CLOO7,"Household Chemicals,Household Cleaners,Bath & Shower Cleaner,Household Essentials,Cleaning Supplies,Bathroom Cleaners,Prime Pantry,Bathroom,Featured Brands,Home And Storage & Org,Clorox,All-purpose Cleaners,Health & Household,Household Supplies,Household Cleaning,Target Restock,Food & Grocery",4.84,2039,0.792
AVpfJcHuLJeJML433ZrY,Equals (blu-Ray),Lionsgate Home Entertainment,Lions Gate,"Movies, Music & Books,Movies,Sci-Fi & Fantasy,Romance,Movies & TV,Blu-ray,Documentary,Drama,Movies & Music,Movies & TV Shows",4.077,13,0.838
AVpfKOYiilAPnD_xWOFw,"Tree Hut Shea Body Butters, Coconut Lime, 7 oz",Tree Hut,Naterra International,"Personal Care,Skin Care,Moisturizer,Beauty,Body Lotions & Creams,Bath & Body,Body Lotions,#595 in,#4274 in,#4,274 in,#225 in,Moisturizers",4.286,28,0.849
AVpfKa3uilAPnD_xWSGx,Fantasy Fields Lil' Sports Fan Step Stool - Teamson,Teamson,Teamson,"Home,Home Improvement,Ladders & Step Stools,Tools,Ladders and Step Stools,Step Stools,Kids' Rooms,Kids' Furniture,Kids' Desks & Chairs,Furniture Store,Kids',Toddler Chairs,Toddler Furniture,Kids' Chairs,Furniture,Potty Training,Kids' Room,Playroom Furniture,Kids Seating,See ALL Kids Seating",4.0,1,0.976
AVpfKb8k1cnluZ0-fQdA,Head & Shoulders Classic Clean Conditioner,Head & Shoulders,Procter & Gamble Company,"Personal Care,Hair Care,Anti-Dandruff,Conditioners,Beauty Products,#4441 in,#981 in,#184 in,Beauty,#4,441 in,Conditioner",4.163,86,0.907
AVpfKhuv1cnluZ0-fSVr,Blue Anchor Design Throw Pillow (18x18) - Rizzy Home,Rizzy Home,Rizzy Rugs,"Home,Home Ideas, Design & Inspiration,Contemporary Decor,Home Decor,Throw Pillows,Bedding,Decorative Pillows",5.0,1,0.997
AVpfL-z9ilAPnD_xWzE_,Stacy's Garden Veggie Medley Pita Chips,STACY'S,STACY'S PITA CHIPS,"Food,Packaged Foods,Snacks,Chips & Pretzels,Snacks, Cookies & Chips,Chips,Grocery & Gourmet Food,Snack Foods,Chips & Crisps,#10214 in,Seasonal,Grocery",4.5,2,0.793
AVpfLnfPLJeJML434HpK,"Pleasant Hearth 1,800 sq ft Wood Burning Stove with Blower, Medium, LWS-127201",Pleasant Hearth,"GHP Group, Inc.","Home Improvement,Heating, Cooling, & Air Quality,Fireplaces,Stoves,Wood Stoves,Fireplaces and Hearth,Outdoor Living,Outdoor Heating & Cooling,Outdoor Fireplaces & Chimineas,All Stoves",4.057,53,0.892
AVpfM_ytilAPnD_xXIJb,Tostitos Bite Size Tortilla Chips,Tostitos,Tostitos,"Food,Packaged Foods,Snacks,Chips & Pretzels,Food & Beverage,Cookies, Chips & Snacks,Chips,Food & Beverage Ways To Shop,Tailgating Essentials,Featured Brands,Snacks, Cookies & Chips,Grocery & Gourmet Food,Snack Foods,Chips & Crisps,Tortilla",4.617,264,0.581
AVpfMpZ51cnluZ0-f_L9,Chips Ahoy! Original Chocolate Chip - Cookies - Family Size 18.2oz,Chips Ahoy,Nabisco Biscuit Company,"Food & Beverage,Cookies, Chips & Snacks,Cookies,Food,Snacks, Cookies & Chips",4.406,69,0.811
AVpfN6Z71cnluZ0-gZmO,"Caress Moisturizing Body Bar Natural Silk, 4.75oz",Caress,Caress,"Personal Care,Bath, Shower & Soap,Bar Soap,Bath & Body,Body Wash & Cleansers,Beauty,Bar Soaps,Cleansers,Soaps,Body Cleansers",4.676,68,0.84
AVpfNVsj1cnluZ0-gNQN,"Physicians Formula Powder Palette Mineral Glow Pearls, Translucent Pearl",Physician's Formula,Physicians Formula,"Personal Care,Makeup,Concealer & Foundation,Foundation,Facial Powder,Beauty,Natural Beauty,Natural Makeup,Face,Powder",4.571,7,0.859
AVpfNWbPilAPnD_xXPR7,"Pleasant Hearth 7.5 Steel Grate, 30 5 Bar - Black",Pleasant Hearth,Pleasant Hearth,"Home,Home Appliances,Fireplaces & Accessories,Heating and Cooling,Fireplaces and Stoves,Fireplace Tools and Accessories,Fireplace Grates,Home Improvement,Heating, Cooling, & Air Quality,Fireplaces,Fireplace Accessories,Fireplaces and Hearth",4.889,27,0.868
AVpfNc9cLJeJML434tza,Feit 60-Watt A19 Gu24 Base Led Light Bulb - Soft White,Feit,FeitElectric,"Home,Home Improvement,Light Bulbs,Electrical,All Light Bulbs,LED Light Bulbs",2.5,8,0.721
AVpfNfEMLJeJML434uf-,Heiress (dvd),UNIVERSAL HOME ENTERTAINMENT,Universal Studios Home Entertainment,"Movies, Music & Books,Movies,Romance,Movies & TV Shows,Drama,Romantic,Movies & TV,Studio Specials,Universal Studios Home Entertainment,All Universal Studios Titles,VHS Custom Stores,DVD,Art House & International,By Original Language,Portuguese",5.0,12,0.903
AVpfNglu1cnluZ0-gQ7x,Mia Shower Curtain Green/brown - Lush Decor174,Lush Decor,Triangle Home Fashions,"Home,Bath,Shower Curtains & Liners,Home Deals,Shower Curtains,Towels,Shower Accessories,Bathroom Accessories,Home Improvement",4.727,11,0.922
AVpfO5u71cnluZ0-guiN,Switchmas (dvd),Sony,PHASE FOUR,"Movies, Music & Books,Movies,Comedy,Movies & TV,Children & Family,Holidays",4.429,7,0.884
AVpfOIrkilAPnD_xXgDG,Alex Cross (dvdvideo),Summit Entertainment,,"Movies & TV Shows,Instawatch Movies By VUDU,Instawatch Movies,Movies, Music & Books,Movies,Action & Adventure,Movies & TV,Shop Instawatch,Movies & Music",4.27,141,0.792
AVpfOfIqLJeJML435D06,Solo Foods Poppy Seed Cake and Pastry Filling,Solo Foods,Solo,"Food,Packaged Foods,Baking,Pie Fillings,Home & Garden,Food & Beverages,Candy, Gum & Chocolate,Fondant & Gum Paste,Pie & Pastry Fillings,Grocery & Gourmet Food,Cooking & Baking,#19          in,#583          in,#523 in,#17 in,#7,053          in,#6,512 in,#6512 in",4.125,8,0.795
AVpfOmKwLJeJML435GM7,Clear Scalp & Hair Therapy Total Care Nourishing Shampoo,Clear Scalp & Hair Therapy,Clear,"Personal Care,Hair Care,Shampoo,Featured Brands,Health & Beauty,Unilever,Beauty,Shampoo & Conditioner,Shampoos,Hair Care & Styling,Shampoos & Conditioners,Ways To Shop",2.841,372,0.759
AVpfOrD0ilAPnD_xXrRj,Progresso Traditional Chicken Rice With Vegetables Soup,Progresso,"General Mills Sales, Inc.","Food,Packaged Foods,Canned Foods,Canned Meals,Canned Soups,Soups,Meal Solutions, Grains & Pasta,Canned Goods & Soups,Food & Beverage,Canned, Jarred & Packaged Foods,Soups, Chili, Stocks & Broth,Chicken Soups,Grocery & Gourmet Food,Soups, Stocks & Broths",5.0,1,1.0
AVpfP-rELJeJML435jEN,5302050 15/16 FCT/HOSE ADAPTOR,LDR,LDR,"Home Improvement,Bathroom Renovation,Bathroom Plumbing,Aerators and Adaptors,Aerators,Kitchen Sink Aerators,Tools & Home Improvement,Kitchen & Bath Fixtures,Kitchen Fixtures",4.0,1,0.657
AVpfPKzxLJeJML435SYL,Tim Holtz Retractable Craft Pick-Red 6x.5,Tim Holtz,Tonic Studios,"Home,Arts & Crafts,Scrapbooking,Scrapbooking Tools,Crafts,Scrapbooking & Paper Crafts,Other Scrapbooking Tools,See more Tonic Studios Tim Holtz 372 Retractable Craft ...,Arts, Crafts & Sewing,Crafting,Paper & Paper Crafts,Paper Craft Tools,Sewing,Notions,Sewing Cutting Tools,Beading & Jewelry Making,Home & Kitchen,Beading Tools,Party & Occasions,Arts,,Other Tools",5.0,3,0.816
AVpfPPkEilAPnD_xX3cP,"Aveeno Baby Continuous Protection Lotion Sunscreen with Broad Spectrum SPF 55, 4oz",Aveeno,Aveeno Baby,"Personal Care,Sun Care,Featured Brands,Health & Beauty,Johnson & Johnson Beauty,Johnson & Johnson,Beauty,Skin Care,Sun & Tanning,Health,Beauty & Personal Care,Sunscreens & Tanning Products,Sunscreens,Facial Sunscreens,Sun Protection & Tanning,Sunscreen,Body Sunscreens,Health & Wellness,Sun Protection,Skincare",3.435,313,0.568
AVpfPaoqLJeJML435Xk9,Godzilla 3d Includes Digital Copy Ultraviolet 3d/2d Blu-Ray/dvd,Warner Home Video,Test,"Movies, Music & Books,Movies,Action & Adventure,Movies & Music,Movies & TV Shows,Frys",4.351,3325,0.655
AVpfPjqKLJeJML435aZR,Voortman Sugar Free Fudge Chocolate Chip Cookies,Voortman,VOORTMAN COOKIES LIMITED,"Food,Packaged Foods,Snacks,Cookies,Food & Beverage,Cookies, Chips & Snacks,Snacks, Cookies & Chips,Grocery & Gourmet Food,Snack Foods,Chocolate Chip,Grocery",5.0,4,0.855
AVpfPkrkilAPnD_xX-L9,"Finish Gelpacs Dishwasher Detergent, Orange Scent, 84ct",Finish,Reckitt Benckiser,"Household Essentials,Cleaning Supplies,Dish Detergents,Ways To Shop,Household Essentials Subscriptions,Natural Cleaning,Kitchen,Dishwasher Detergent,Household Supplies,Dish Detergent,Dishwashing,Health",4.0,8,0.909
AVpfPnrU1cnluZ0-g9rL,Stargate (ws) (ultimate Edition) (director's Cut) (dvdvideo),Lionsgate,Lions Gate,"Movies, Music & Books,Movies,Sci-Fi & Fantasy,Movies & TV,Instawatch Movies By VUDU,Shop Instawatch,Ultimate Editions,DTS,Movies & Music,Movies & TV Shows",4.645,186,0.936
AVpfPx6V1cnluZ0-hA5y,"Ben & Jerry's Coffee, Coffee Buzzbuzzbuzz! Ice Cream, Pint",Ben & Jerry's,Unilever,"Food,Packaged Foods,Dairy & Dairy Substitutes,Desserts,Ice Cream & Frozen Yogurt,Food & Beverage,Frozen Foods,Ice Cream,Ice Cream & Novelties,#18430 in,#1322 in,#306 in",4.818,11,0.891
AVpfQtEm1cnluZ0-hUpe,Jolly Time Select Premium Yellow Pop Corn,Jolly Time,American Pop Corn Co.,"Food,Packaged Foods,Snacks,Popcorn,Packaged Corn Kernels,Snacks, Cookies & Chips,Grocery & Gourmet Food,Snack Foods,Unpopped",4.704,27,0.907
AVpfR5m0LJeJML436K3W,Jason Aldean - They Don't Know,Warner Music Group,Broken Bow,"Music on CD or Vinyl,Country Music on CD or Vinyl,Contemporary Country Music on CD or Vinyl,Movies, Music & Books,Music,Country,CDs & Vinyl,CDs,Movies & Music,Music (CDs & Vinyl),Pop,Contemporary Country",4.691,204,0.865
AVpfRE4tilAPnD_xYdo_,Ogx Anti-breakage Keratin Oil 3 Minute Miraculous Recovery,Ogx,Vogue International,"Personal Care,Hair Care,Conditioner,Health & Beauty,Hair Care & Styling,Shampoos & Conditioners,Beauty,Hair Treatments,Styling Products,Oils & Serums",4.556,9,0.941
AVpfRM8dLJeJML4358wT,Cantu Coconut Milk Shine Hold Mist - 8oz,Cantu,Cantu Shea Butter,"Beauty,Hair Care,Hair & Scalp Treatments,Shampoo & Conditioner,Personal Care,Hair Treatments,Styling Products",5.0,4,0.981
AVpfRTh1ilAPnD_xYic2,Planes: Fire Rescue (2 Discs) (includes Digital Copy) (blu-Ray/dvd),Disney,Walt Disney,"Movies, Music & Books,Movies,Kids' & Family,Ways To Shop Entertainment,Movies & Tv On Blu-Ray,Movies & TV,Disney,Blu-ray,Children & Family,Movies & Music,Movies & TV Shows,Electronics, Tech Toys, Movies, Music,Blu-Rays,See ALL Blu-Ray,Frys",4.677,1143,0.897
AVpfRYbSilAPnD_xYkD4,"Shea Moisture Mango & Carrot Kids Extra-Nourishing Conditioner, 8fl Oz",Shea Moisture,SheaMoisture,"Personal Care,Hair Care,Conditioner,Beauty,Natural Beauty,Ways To Shop,Celebrate Black History Month,Featured Brands,Health & Beauty,Shea Moisture,Baby,Bath & Potty,Baby Ways To Shop,Baby Subscriptions,Toiletries,Shampoo & Conditioner,Natural Hair Care,Conditioners",4.458,24,0.898
AVpfRkzN1cnluZ0-hmnu,"Smead174 2 1/4 Inch Accordion Expansion Wallet, Poly, Letter, Translucent Green",Smead,Smead,"School & Office Supplies,Filing,Files,File Folders,Seasonal,Back to School Top Items,Office,Office Supplies,Office Organization",5.0,2,0.948
AVpfRoqcLJeJML436FqG,"Vicks Vaporub, Regular, 3.53oz",Vicks,P&G,"Personal Care,Medicine Cabinet,Cough/Cold,Health,Cough, Cold & Flu,Health & Beauty,Health Care,Over-the-Counter Medicine,Health & Household,Medications & Treatments,Cough & Cold,Chest Rubs,Health & Wellness,Allergy & Sinus",4.406,96,0.609
AVpfRxSkilAPnD_xYrzm,High-Dome Floor Door Stop,National Mfg.,Stanley Hardware,"Kitchen & Dining,Kitchen Storage & Organization,Drawers & Cabinet Organizers,Door Hardware,Home Hardware,Home Designs by Stanley,Office Products,Office Furniture & Lighting,Furniture Accessories,Doorstops,Door Accessories,Door Stops,Hardware",1.0,1,0.774
AVpfSFDo1cnluZ0-hwjT,Concept Housewares 36 Natural Wood ceiling mounted pot rack,Concept Housewares,Group5 Mktg/Concept Housewares,"Kitchen & Dining,Kitchen Storage & Organization,Pot Racks & Hanging Baskets,Storage and Organization,Kitchen Organization,Pot Racks,Dining,Kitchen,Kitchen Storage,Home",4.75,8,0.946
AVpfSvmGilAPnD_xY_gE,Barielle Nail Rebuilding Protein,Barielle,Barielle,"Personal Care,Foot & Nail Care,Nail Care,Nail Strengthener,Makeup,Beauty,Nails,Nail Polish,Health,Vitamins,Nail Treatments,Strengthener",5.0,8,0.851
AVpfTVkcilAPnD_xZLts,Queen Helene Cocoa Butter Solid,Queen Helene,"Queen Helene Skin Cream, Lotion","Personal Care,Bath, Shower & Soap,Bar Soap,Bath & Body,Body Treatments,Beauty,Moisturizers,Body Butter",3.0,9,0.807
AVpfUCiPilAPnD_xZai4,Sea Gull Lighting Holman One Light Wall/bath Sconce - Brushed Nickel,Sea Gull Lighting,Sea Gull Lighting,"Home,Home Decor,Lamps & Lighting,Wall Lights,Wall Sconces,Vanity Lights,Decor,Lighting & Light Fixtures,Wall Fixtures",4.0,2,0.916
AVpfUJu_ilAPnD_xZdDr,Chobani174 Strawberry On The Bottom Non-Fat Greek Yogurt - 5.3oz,Chobani,Chooka,"Food & Beverage,Fresh Food,Dairy,Yogurt,Food & Beverage Ways To Shop,Special Diets,Featured Brands,Grocery,Yogurt Snacks,Food,Dairy, Eggs & Cheese,Yogurt & Yogurt Drinks,Greek Yogurt,Computers Features,Greek & Strained Flavored Yogurt",4.4,25,0.79
AVpfUN2nilAPnD_xZeY3,Meguiars Interior Detailer Wipes 25ct,Meguiars,Meguiars,"Home,Home Improvement,Automotive,Car Cleaning,Auto & Tires,Automotive Tools & Equipment,Shop & Garage Equipment,Auto Detailing & Car Care,Exterior Care,Car Washes & Cleaners,Car Care,Cleaners,Car Wash Products",4.812,16,0.936
AVpfUQZjilAPnD_xZfOU,Bedtime Originals Pinkie Musical Mobile,Bedtime Originals,Lambs and Ivy Inc,"Baby,Nursery,Baby Decor,Mobiles,Nursery & Decor,Decor,Decoration,Baby Products,Nursery Decor",4.333,6,0.885
AVpfVMhR1cnluZ0-ixY8,2017-2018 Brownline174 Duraflex 14-Month Planner 8 1/2 X 11 Black,Brownline,120,"School & Office Supplies,Calendars & Planners,Planners,Office,Office Supplies,Calendars and Planners,All Planners,Business & Industrial,Planners & Organizers,Accessories,Cases,Time Planners,Monthly Planners,Electronics Features",5.0,4,0.625
AVpfVPh3ilAPnD_xZzW9,Mrs. Meyer's Lemon Verbena Surface Scrub,Mrs. Meyer's,Mrs. Meyers,"Household Chemicals,Household Cleaners,Glass and Surface Cleaner,Household Essentials,Cleaning Supplies,All-Purpose Cleaners,Surface Care & Protection",4.733,15,0.907
AVpfW8y_LJeJML437ySW,L'or233al Paris Elvive Extraordinary Clay Rebalancing Conditioner - 12.6 Fl Oz,L'oreal Paris,L'oreal Paris,"Beauty,Hair Care,Shampoo & Conditioner,Holiday Shop,Christmas,Featured Brands,Health & Beauty,L'oreal,Personal Care,Hair Treatments,Conditioner",4.027,1186,0.869
AVpf_rYe1cnluZ0-ut8Y,"Better Built 74010862 Bet74010862 60In Crossover Two Lid, Deep, Truck Tool Box",BETTER BUILT,BETTER BUILT,"Auto & Tires,Automotive Interior,Car Organizers,Interior Car Accessories,Tool Chests,Tool Boxes - Truck Bed,Tools",4.917,12,0.907
AVpfa1joLJeJML4385hb,Stonyfield Yobaby Peach & Pear Yogurt 4oz 6 Ct,Stonyfield,"Stonyfield Farm, Inc.","Food,Packaged Foods,Dairy & Dairy Substitutes,Yogurt,Food & Beverage,Food & Beverage Ways To Shop,Gluten Free,Special Diets,Featured Brands,Grocery,Yogurt Snacks,Organic Yogurt,Baby,Feeding,Baby Food",5.0,1,0.457
AVpfazX31cnluZ0-kbdl,"Just For Men Touch Of Gray Gray Hair Treatment, Black T-55",Just For Men,Combe Incorporated,"Personal Care,Hair Care,Hair Color And Bleaching,Hair Color,Beauty & Personal Care,Hair Coloring Products,Color Correctors,Beauty,Hair Treatments",4.214,224,0.759
AVpfbjraLJeJML439F91,Pocket Watch Wall Clock Distressed Black - Yosemite Home Decor174,Yosemite Home Decor,Yosemite Home Decor,"Home,Home Decor,Clocks,Wall Clocks,Decor,Office Supplies,Decorative Accents,Wall Decor,Office Decor",1.0,1,0.543
AVpfbkyr1cnluZ0-kozI,Kraus FVS-1007 Single Hole Vessel Bathroom Faucet from the Ramus Collection,Kraus,Kraus,"Home Improvement,Bathroom Renovation,Bathroom Fixtures and Materials,Bathroom Faucets,All Bathroom Faucets,Single Hole Sink Faucets,Bath,Bathroom Sink Faucets",4.784,37,0.893
AVpfbpzd1cnluZ0-kqJV,Clorox Ultimate Care Premium Bleach,Clorox,Clorox,"Household Chemicals,Laundry,Bleach Products,Household Essentials,Laundry Care,Health & Household,Household Supplies,Bleach,Featured Brands,Home And Storage & Org,Clorox,Grocery",5.0,1,0.902
AVpfbraG1cnluZ0-kqnn,Kind Nut Delight Bar,KIND,Kind Fruit and Nut Bars,"Food,Packaged Foods,Snacks,Cereal Bars and Granola Bars",4.4,5,0.916
AVpfcu821cnluZ0-k8ep,Vaseline Intensive Care Lip Therapy Cocoa Butter,Vaseline,UNILEVER,"Personal Care,Skin Care,Lip Care,Beauty,Makeup,Lips,Holiday Shop,Christmas,Lip Balm,Facial Moisturizers,Featured Brands,Health & Beauty,Unilever,Toys,Health & Wellness,Medicine Cabinet,Lip Balms & Medications",4.766,158,0.852
AVpfdYUZilAPnD_xcHuK,"L'oreal Paris Colour Caresse Wet Shine Stain, Pink Resistance",L'Oreal Paris,L'oreal Paris,"Personal Care,Makeup,Lipstick, Lip Gloss, & Lip Balm,Lip Gloss,Beauty,Lips",3.761,46,0.85
AVpfddjcLJeJML439loo,Elvis Presley - Girl Happy (cd),Target.com Use Only,SBME SPECIAL MKTS.,"Movies, Music & Books,Music,Soundtrack & Score,Pop,Oldies,Movie Soundtracks,Oldies & Retro,Rock,Alternative",4.0,1,0.943
AVpfe3On1cnluZ0-lgn5,Doc Mcstuffins: Friendship Is The Best Medicine,Disney,DISNEY/BUENA VISTA HOME VIDEO,"Featured Brands,Character Shop,Disney Junior,Doc Mcstuffins,Doc Mcstuffins Entertainment,Movies & TV,TV Shows,Children & Family,Dolls, Dress Up, Stuffed Animals, Tween,Dolls,Movies,Electronics, Tech Toys, Movies, Music,DVDs,See ALL DVDs,DVD,Doc McStuffins - all,Doc McStuffins - shop by category,Doc McStuffins - shop all",4.913,23,0.884
AVpfewoLilAPnD_xcfgU,Home Health Hairever Shampoo,Home Health,Home Health,"Personal Care,Hair Care,Shampoo,Baby,Bathing,Shampoos & Conditioners,Beauty,Health & Baby Care,Daily Shampoo",3.75,4,0.814
AVpfgvkJLJeJML43-g1y,Scooby Doo And The Loch Ness Monster (blu-Ray),Warner Manufacturing,Warner Home Video,"Movies, Music & Books,Movies,Animation,Ways To Shop Entertainment,Movies & Tv On Blu-Ray,Kids' & Family,3-6 Years,Genre for Featured Categories,Television,Kids & Family,Blu-ray,Blu-ray Disc,Movies & TV,Characters & Series,Scooby Doo,DVD,10-12 Years,All Titles",4.286,7,0.873
AVpfh1gsilAPnD_xdX_S,Cal Lighting Led Dark Bronze Finish Metal Piano Lamp,Cal Lighting,CAL Lighting,"Home,Home Decor,Lamps & Lighting,Table Lamps,Desk Lamps,Decor,Lamps",4.0,1,0.843
AVpfhpNkilAPnD_xdUZz,Plum Organics Just Prunes,Plum Organics,Plum Organic,"Food,Packaged Foods,Baby Food,1st Stage Baby Food,Baby,Baby Ways To Shop,Savings On Baby Essentials,Nursing & Feeding,Naturals & Organics,Feeding,Clearance,Baby's First Foods,Baby Products,Baby Foods,Meals",4.5,2,0.902
AVpfhxaELJeJML43-zsM,"Batherapy Natural Mineral Bath Sport Liquid, 16 oz",Batherapy,Queen Helene Batherapy,"Personal Care,Bath, Shower & Soap,Bath Oil/Salts/Soak,Beauty,Bath & Body Care,Bath,Minerals & Salts,Bath & Body,Body Cleansers,Body Wash & Cleansers",5.0,2,0.891
AVpfi79RLJeJML43_Jo0,Various - Country's Greatest Gospel:Gold Ed (cd),Target.com Use Only,PROVIDENT,"Movies, Music & Books,Music,Gospel & Christian,Country,CDs & Vinyl,Bluegrass,Music on CD or Vinyl,Country Music on CD or Vinyl,Christian Country Music on CD or Vinyl,Christian,Christian Country",5.0,1,0.797
AVpfiRY_LJeJML43-8p9,Annie's Homegrown Deluxe Elbows & Four Cheese Sauce,Annie's,Annies Homegrown,"Food,Packaged Foods,Packaged Meals and Sides,Packaged Entrees,Macaroni and Cheese,Food & Beverage,Meal Solutions, Grains & Pasta,Packaged Meals & Side Dishes,Pasta & Noodles,Grocery & Gourmet Food,Macaroni & Cheese,Featured Brands,Grocery,General Mills,Bow-Tie,Pasta",3.5,2,0.825
AVpfiUrfLJeJML43-9nY,Delta Single Handle Shower Faucet,Delta Faucet,Delta,"Home Improvement,Bathroom Renovation,Bathroom Fixtures and Materials,Bathroom Faucets,All Bathroom Faucets,Bathroom,Bathroom Faucets and Shower Heads,Shower Faucets,Bathtub Faucets,Bath,Bathtub and Shower Faucets,Bathroom Faucets and Handles,Roman Tub Faucets,Bathtubs",4.417,24,0.884
AVpfifml1cnluZ0-mjSb,JNH Lifestyles Goldstar 3 Person FAR Infrared Sauna,JNH Lifestyles,JNH Lifestyles,"Patio & Garden,Hot Tubs & Saunas,Saunas,Outdoors,Infrared Saunas,Home Improvement,Shower and Tub Project,Bathroom Renovation,Bathroom Fixtures and Materials",5.0,1,0.891
AVpfjHuw1cnluZ0-mvrX,Fiskars174 Classic Stick Rotary Cutter (45 Mm),Fiskars,Fiskars Brands Inc,"Home,Arts & Crafts,Scrapbooking,Scrapbooking Tools,Home Improvement,Tools,Power Tools,Woodworking Tools,Rotary Tools,Scrapbook Accessories,Crafts",5.0,5,0.693
AVpfjauJLJeJML43_TKe,"Physicians Formula Mineral Wear Talc-Free Mineral Correcting Powder, Creamy Natural",Physician's Formula,Physicians Formula,"Personal Care,Makeup,Concealer & Foundation,Foundation,Facial Powder,Beauty,Face,Body Powder",4.818,11,0.883
AVpfk4y7ilAPnD_xeTgd,"BRIDGESTONE 130/70ZR18M/C(63W)FRONT EXEDRA G851, CRUISER RADL",Michelin,Parts,"Auto & Tires,Motorcycle and ATV,Motorcycle,Motorcycle Parts,Motorcycle Tires,Cruiser,Tires,Tire Tubes",4.909,11,0.826
AVpfkIiYilAPnD_xeEjr,Kendall Comforter And Sheet Set (twin) Aqua - 7pc,JLA Home,E&E Co. Ltd,"Home,Home Ideas, Design & Inspiration,Farmhouse Decor,Bedding,Comforters,Bedding Sets & Collections,Bedding Sets,Bed-in-a-Bag Sets,Bed,Bath,Madison Park Essentials,Home & Garden,Comforters & Sets,Comforter Sets",4.167,6,0.908
AVpfkQkcLJeJML43_kEC,Cococare 100% Natural Castor Oil,Cococare,Cococare Skin Care,"Personal Care,Skin Care,Health,Aromatherapy & Relaxation,Carrier Oils,Vitamins & Supplements,Aromatherapy & Essential Oils,Beauty,Massagers & Spa,Scrubs, Oils, & Powders,Body Oil,Other Beauty,Massage,Massagers",4.667,3,0.678
AVpfkak01cnluZ0-nJj6,Starbucks Iced Expresso Classics Vanilla Latte Coffee Beverage - 40oz,Starbucks,American Coffee Partnership,"Food & Beverage,Coffee, Tea & Cocoa,Coffee,Food,Ready to Drink Coffee",4.75,4,0.955
AVpfksililAPnD_xePx_,Pacific Natural Foods Organic Beef Broth,Pacific Natural Foods,"Pacific Foods of Oregon, Inc.","Food,Packaged Foods,Canned Foods,Canned Broth,Food & Beverage,Meal Solutions, Grains & Pasta,Canned, Jarred & Packaged Foods,Food & Beverage Ways To Shop,Special Diets,Soups, Chili, Stocks & Broth,Broths,Canned Goods,Stocks & Broths,Thanksgiving Meal,Canned Goods & Soups,Grocery & Gourmet Food,Soups, Stocks & Broths,Beef",5.0,1,0.823
AVpfl6baLJeJML43AEQq,Honeywell Heatbud Ceramic Heater Black,Honeywell,"Kaz USA, Inc.","Home,Home Appliances,Heaters,Heating and Cooling,Portable and Space Heaters,Electric Space Heaters,Home Deals,Space Heaters,Electric Heaters,Ceramic Heaters",4.556,9,0.768
AVpfl6sF1cnluZ0-nmwC,"Jergens Extra Moisturizing Liquid Hand Wash, 7.5oz",Jergens,KAO USA INC,"Personal Care,Bath, Shower & Soap,Liquid Hand Soap,Hand Soap & Sanitizers,Beauty,Body Cleansers",4.778,9,0.923
AVpflENxilAPnD_xeXFF,Noosa Honey Yogurt,Noosa,Unfi,"Food,Packaged Foods,Dairy & Dairy Substitutes,Yogurt,Fresh Food,Dairy, Eggs & Cheese,Yogurt & Yogurt Drinks,Greek & Strained Yogurt",5.0,1,0.997
AVpfldDlLJeJML43_7s_,Lay's Salt & Vinegar Flavored Potato Chips,Lay's,Lay's,"Food,Packaged Foods,Snacks,Chips & Pretzels,Grocery,Grocery & Gourmet Food,Snack Foods,Chips & Crisps,Potato",3.667,6,0.757
AVpfliCoilAPnD_xegIr,0.6 Cu. Ft. Letter A4 Size Waterproof 30 Min. Fire File Chest,Honeywell,Honeywell,"Home,Home Improvement,Home Safety & Security,Safes,Hardware,Chest Safes,Home Safety,Safes & Lockboxes,All Home Safes & Lock Boxes,Shooting,Security Lock Boxes,Sports & Outdoors,Outdoor Sports,Gun Storage,Gun Cases & Bags,Tools & Home Improvement,Safety & Security,Home Security,Office Products,Office & School Supplies,Forms, Recordkeeping & Money Handling,Cash & Check Boxes",4.167,6,0.771
AVpfluP1ilAPnD_xejxO,Stacy's Simply Naked Bagel Chips,STACY'S,Stacy's,"Food,Packaged Foods,Snacks,Chips & Pretzels,Food & Beverage,Food & Beverage Ways To Shop,Special Diets,Fresh Food,Deli,Snack Foods,Snacks, Cookies & Chips,Chips,Chips & Crisps",4.25,24,0.875
AVpfm8yiLJeJML43AYyu,Nexxus Exxtra Gel Style Creation Sculptor,Nexxus,Nexxus Beauty Products,"Personal Care,Hair Care,Styling Gel/Lotion,Beauty,Salon Hair Care,Styling Products,Featured Brands,Health & Beauty,Unilever,Ways To Shop",1.359,693,0.608
AVpfmVnVLJeJML43AMqC,4C Grated Parmesan Cheese 100% Natural 8oz Shaker,4C Foods,Generic,"Food,Packaged Foods,Dairy & Dairy Substitutes,Cheese,Hard Cheese,Fresh Food,Dairy, Eggs & Cheese,#184 in,#43 in,#10,814 in",5.0,6,0.886
AVpfmjXGLJeJML43AQ5_,Hollywood Beauty Olive Cholesterol,Hollywood Beauty,Hollywood Beauty Imports,"Personal Care,Hair Care,Conditioner,Beauty,Hair & Scalp Treatments,Food,Condiments, Sauces & Spices,Oil & Shortening,Shampoo & Conditioner,Baking,Hair Treatments",4.333,6,0.864
AVpfml2VilAPnD_xe0m6,Southern Enterprises Archer Fold-Away Home Bar in Walnut,Southern Enterprises,Southern Enterprises,"Furniture,Kitchen & Dining Furniture,Bars & Bar Cabinets,Wine Racks,Home",5.0,1,0.915
AVpfnRuSilAPnD_xfB8l,Yes To Grapefruit Rejuvenating Body Wash,Yes to Grapefruit,"Yes To, Inc","Personal Care,Bath, Shower & Soap,Body Wash & Cleanser,Bath & Body,Body Wash & Cleansers,Beauty,Bath & Body Care,Scrubs & Body Treatments,Body Scrubs",3.846,39,0.776
AVpfnS4eLJeJML43AfZe,Progresso Light Vegetable & Noodle Soup,Progresso,"GENERAL MILLS SALES, INC.","Food,Packaged Foods,Canned Foods,Canned Meals,Canned Soups,Food & Beverage,Meal Solutions, Grains & Pasta,Canned, Jarred & Packaged Foods,Soups, Chili, Stocks & Broth,Vegetable Soups,Soups,Canned Goods & Soups",4.0,3,0.861
AVpfnUcwLJeJML43Af2U,Maybelline Clean Express! Makeup Removing Lotion,Maybelline,Maybelline New York,"Personal Care,Makeup,Makeup Remover,Beauty,Face,Health & Beauty,Skin Care,Cosmetics",4.0,3,0.917
AVpfnjBILJeJML43AkO3,Progresso Traditional Chicken Tuscany Soup,Progresso,"General Mills Sales, Inc.","Food,Packaged Foods,Canned Foods,Canned Meals,Canned Soups,Meal Solutions, Grains & Pasta,Canned Goods & Soups,Soups",3.833,6,0.85
AVpfoSS51cnluZ0-oVH9,Cheetos Crunchy Flamin' Hot Cheese Flavored Snacks,Cheetos,Frito-Lay,"Food,Packaged Foods,Snacks,Chips & Pretzels,Snacks, Cookies & Chips,Chips,Popcorn,Food & Beverage,Cookies, Chips & Snacks,Featured Brands,Food & Beverage Ways To Shop,Tailgating Essentials,#133 in,#543 in,#25 in,grocery,Home & Garden,Food & Beverages,Snack Foods,Puffed Snacks,Food & Grocery,Other Chips & Snacks",4.733,60,0.823
AVpfov9TLJeJML43A7B0,Bisquick Original Pancake And Baking Mix - 40oz,Bisquick,"GENERAL MILLS SALES, INC.","Food & Beverage,Baking & Cooking Essentials,Baking Essentials,Baking Mixes,Breakfast & Cereal,Pancakes, Waffles & Baking Mixes,Food,Pancake & Waffle Mix,Grocery & Gourmet Food,Cooking & Baking,Biscuits,Featured Brands,Grocery,General Mills,Food & Grocery,Breakfast Foods,Pancake Mixes & Syrup,More Dry Mixes,Baking",4.804,97,0.762
AVpfozgyilAPnD_xfe0r,Olivella Bar Soap - 3.52 Oz,Olivella,Olivella,"Personal Care,Bath, Shower & Soap,Bar Soap,Bath & Body,Bath Accessories,Soap,Beauty & Personal Care,Skin Care,Body,Cleansers,Soaps,Beauty,Wholesale Lots",3.333,3,0.7
AVpfpM2yilAPnD_xfmDG,Ragu Traditional Pasta Sauce,Ragu,Unilever,"Food,Packaged Foods,Condiments, Dips, & Salad Dressings,Sauces,Pasta Sauces,Food & Beverage,Meal Solutions, Grains & Pasta,Sauces, Salsa & Marinades,Condiments, Sauces & Spices",4.459,37,0.736
AVpfpoUCLJeJML43BLXv,"Iman Luxury Moisturizing Lipstick, Black Brandy 006",Iman,IMAN,"Personal Care,Makeup,Lipstick, Lip Gloss, & Lip Balm,Lipstick,Beauty,Lips",4.0,1,0.988
AVpfqW4WilAPnD_xf7a_,Leslie Sansone:Belly Blasting Walk (dvd),ANCHOR BAY,Starz,"Movies, Music & Books,Movies,Exercise & Fitness,Movies & TV Shows,TV Shows,Health & Fitness,Aerobics,Movies & TV,Walking,Movies & Music",4.767,30,0.854
AVpfr5cb1cnluZ0-pZFp,Boraam Sonoma Kitchen Cart With Wire Brush Gray - Maaya Home,Maaya Home,Boraam - DROPSHIP,"Furniture,Kitchen & Dining Furniture,Kitchen Carts & Islands,Home Decor,Dining and Kitchen Furniture,Kitchen Islands and Carts,Home,Home Deals,Kitchen Islands & Carts,Home & Kitchen Features",4.333,27,0.902
AVpfrFDZLJeJML43Bmv0,Meguiar's Ultimate Quik Detailer 22-Oz.,Meguiars,Parts,"Home,Home Improvement,Automotive,Car Maintenance,Auto & Tires,Auto Detailing & Car Care,Exterior Care,Car Washes & Cleaners,Auto Body,Body Repair,Cleaners,Automotive Basics,Car Care & Detailing,Waxes,Car Care",4.862,29,0.924
AVpfrTyiLJeJML43BrSI,Various Artists - Choo Choo Soul (cd),UMGD,Walt Disney Records,"Movies, Music & Books,Music,Kids' Music,Music on CD or Vinyl,Children's Music on CD or Vinyl,Children's Music,Disney,Rock,Pop,Children's General",4.655,29,0.836
AVpfrfHF1cnluZ0-pRai,Care Free Curl Gold Instant Activator,Care Free Curl,Softsheen-Carson,"Personal Care,Hair Care,Conditioner,Styling Products,Beauty,Health & Beauty,Hair Care & Styling,Other Hair Care & Styling,Conditioners,See more Care Free Curl Soft Sheen Curl Enhancer Activa...,Hair Styling Tools",4.846,13,0.906
AVpfrgjFLJeJML43BvCc,Spam Single Classic,Spam,Hormel Foods Corporation,"Food,Packaged Foods,Canned Foods,Canned Meats,Food & Beverage,Meal Solutions, Grains & Pasta,Canned, Jarred & Packaged Foods,Canned & Packaged Meats,Canned Goods & Soups,Meat & Poultry,Grocery & Gourmet Food,Meat, Poultry & Seafood,Spiced Meat,Meat & Seafood",4.625,8,0.776
AVpfs0tUilAPnD_xgqN2,Ceiling Fan With Light White 14.2 X 29.9 X 9.2 - Hunter Fan,Hunter Fan,Arc Abrasives,"Home,Home Appliances,Fans,Home Decor,Lamps & Lighting,Ceiling Fans,Home Ideas, Design & Inspiration,Modern Decor,Decor,Lighting & Light Fixtures,Home Improvement,Portable Fans,All Fans",5.0,2,0.913
AVpfsQoeilAPnD_xgfx5,Walkers Stem Ginger Shortbread,Walkers,KeHE Distributors,"Food,Packaged Foods,Snacks,Cookies,Snacks, Cookies & Chips,Biscuits,Grocery & Gourmet Food,Snack Foods,Shortbread,Grocery",5.0,1,0.755
AVpfshNsLJeJML43CB8q,Tostitos Original Restaurant Style Tortilla Chips,Tostitos,Tostitos,"Food,Packaged Foods,Snacks,Chips & Pretzels,Food & Beverage,Cookies, Chips & Snacks,Featured Brands,Chips,Food & Beverage Ways To Shop,Tailgating Essentials,Snacks, Cookies & Chips,Grocery & Gourmet Food,Snack Foods,Chips & Crisps,Tortilla",5.0,1,0.875
AVpfthSailAPnD_xg3ON,"Musselman Apple Sauce, Cinnamon, 48oz",Musselman's,Knouse Foods Inc,"Food,Packaged Foods,Snacks,Fruit-based Snacks,Fruit Sauces,Meal Solutions, Grains & Pasta,Canned Goods,Applesauce,Canned Goods & Soups",4.571,7,0.672
AVpftikC1cnluZ0-p31V,"Storkcraft Tuscany Glider and Ottoman, Beige Cushions, Espresso Finish",Storkcraft,1200,"Baby,Nursery & Decor,Furniture,Rocking Chairs,Gliders & Rockers,Baby Gear,Nursery Furniture,Gliders,Stork Craft,Rockers, Gliders,Kitchen & Dining Features,Living Room Furniture,Living Room Chairs,Home & Kitchen Features,Nursery Seating",4.258,264,0.73
AVpftymALJeJML43CZ6y,"Bodycology Nourishing Body Cream, Pretty In Paris",Bodycology,Advanced Beauty,"Personal Care,Skin Care,Moisturizer,Beauty,Body Cleansers",5.0,1,0.845
AVpfv4TlilAPnD_xhjNS,Various - Red Hot Blue:Tribute To Cole Porter (cd),Target.com Use Only,Capitol,"Movies, Music & Books,Music,R&b,Jazz,Electronic & Dance,Pop,See More Genres,Music on CD or Vinyl,Pop Music on CD or Vinyl,Pop Rock Music on CD or Vinyl,Folk,Progressive Rock,Modern Postbebop,Dance Pop,Adult Alternative,Pop Rock",4.333,3,0.756
AVpfvieo1cnluZ0-qdnu,L'oreal Paris Advanced Hairstyle TXT IT Hyper-Fix Putty,L'Oreal Paris,Generic,"Personal Care,Hair Care,Styling Gel/Lotion,Beauty,Salon Hair Care,Styling Products,Conditioners",3.043,23,0.718
